credential_id,email,credential_social_platform,credential_role,created_date,modified_date
424b0af5-e466-45f1-bb04-7914f73bf48c,seoyeonggim@example.com,kakao,ADMIN,2023-11-07 10:33:00.603868,2023-11-07 10:33:00.603868
082043d4-881f-4cd6-b6c7-c6aadc46e328,eunyeongbag@example.com,kakao,ADMIN,2023-11-07 10:33:00.603868,2023-11-07 10:33:00.603868
f83ad6a7-c1f0-4e6d-b22c-12d22399f5e4,hyeonjeonggweon@example.org,kakao,ADMIN,2023-11-07 10:33:00.603868,2023-11-07 10:33:00.603868
1ea443a4-533d-46ae-ad36-be4855536c14,byeongceolcoe@example.net,kakao,ADMIN,2023-11-07 10:33:00.603868,2023-11-07 10:33:00.603868
ff7627b8-bc86-400c-924e-95aeca73531b,yejingim@example.org,kakao,ADMIN,2023-11-07 10:33:00.604872,2023-11-07 10:33:00.604872
a4e1740e-cde9-4f43-b394-1ea623e1bebc,gimyeonggil@example.org,kakao,ADMIN,2023-11-07 10:33:00.604872,2023-11-07 10:33:00.604872
62c2355e-e27c-4db7-b008-13d1c786521c,ijungsu@example.com,kakao,ADMIN,2023-11-07 10:33:00.604872,2023-11-07 10:33:00.604872
fa70b0cd-e47c-4248-8c2d-79feb3aa55d9,mcoe@example.net,kakao,ADMIN,2023-11-07 10:33:00.604872,2023-11-07 10:33:00.604872
e55f5950-4754-4446-9c1b-2ca426d59df3,wgim@example.com,kakao,ADMIN,2023-11-07 10:33:00.604872,2023-11-07 10:33:00.604872
336bdbd0-bca6-4652-b9c4-2bc2a206e9cd,seohyeonjang@example.com,kakao,ADMIN,2023-11-07 10:33:00.604872,2023-11-07 10:33:00.604872
b3a797eb-5357-45b1-b5cd-521d940674cf,minsu33@example.com,kakao,ADMIN,2023-11-07 10:33:00.604872,2023-11-07 10:33:00.604872
ba70bbd3-8811-4561-9866-25dbdaefaf9a,gyeongja31@example.net,kakao,ADMIN,2023-11-07 10:33:00.604872,2023-11-07 10:33:00.604872
ab30ea1e-64d3-4e79-a48a-b68ae54220e2,hayun08@example.net,kakao,ADMIN,2023-11-07 10:33:00.604872,2023-11-07 10:33:00.604872
80e69fa1-f73e-4543-bebd-d6a407111680,seohyeon19@example.com,kakao,ADMIN,2023-11-07 10:33:00.604872,2023-11-07 10:33:00.604872
099238d7-b66e-44e7-8051-c4a52c30658a,angwangsu@example.org,kakao,ADMIN,2023-11-07 10:33:00.604872,2023-11-07 10:33:00.604872
19b9bceb-dfca-4080-a0e8-66a7ded2b604,gimyeongjin@example.com,kakao,ADMIN,2023-11-07 10:33:00.604872,2023-11-07 10:33:00.604872
4983d5d6-dd3c-40e2-a4fd-95740f49848c,sangho36@example.org,kakao,ADMIN,2023-11-07 10:33:00.604872,2023-11-07 10:33:00.604872
f97704f6-b646-4f1a-9565-602353bbe36e,hwangjihu@example.com,kakao,ADMIN,2023-11-07 10:33:00.604872,2023-11-07 10:33:00.604872
2f447a64-d2ba-4e3a-9feb-e606dc33da46,gimgyeonghyi@example.org,kakao,ADMIN,2023-11-07 10:33:00.604872,2023-11-07 10:33:00.604872
2e20746c-4a67-414f-8381-284086b7d4ec,jihunan@example.net,kakao,ADMIN,2023-11-07 10:33:00.604872,2023-11-07 10:33:00.604872
25d38437-75a1-4ac4-8628-c2b73fe49b49,qgwag@example.net,kakao,ADMIN,2023-11-07 10:33:00.604872,2023-11-07 10:33:00.604872
64f0b3e8-18ee-497b-a34c-46cb90b4cba0,jiyeong73@example.com,kakao,ADMIN,2023-11-07 10:33:00.605869,2023-11-07 10:33:00.605869
7a9f3cb7-75d9-4836-b53f-6c88313f6ad8,migyeong99@example.net,kakao,ADMIN,2023-11-07 10:33:00.605869,2023-11-07 10:33:00.605869
3665bcbb-7188-4782-8b95-1c53c7e12a11,eunji45@example.org,kakao,ADMIN,2023-11-07 10:33:00.605869,2023-11-07 10:33:00.605869
4fa14c72-2df0-4576-a64f-02ed9ab49821,fhwang@example.com,kakao,ADMIN,2023-11-07 10:33:00.605869,2023-11-07 10:33:00.605869
ce69d462-7f4d-4c1e-bade-360632dab660,dgim@example.com,kakao,ADMIN,2023-11-07 10:33:00.605869,2023-11-07 10:33:00.605869
91087f36-e980-4855-b60c-266073d94c91,rcoe@example.net,kakao,ADMIN,2023-11-07 10:33:00.605869,2023-11-07 10:33:00.605869
6bd32a7b-71d7-4e44-920b-a3fce058e906,dgim@example.net,kakao,ADMIN,2023-11-07 10:33:00.605869,2023-11-07 10:33:00.605869
75c55636-fac1-471e-bd67-c551dc89f2b8,seongho03@example.org,kakao,ADMIN,2023-11-07 10:33:00.605869,2023-11-07 10:33:00.605869
01815563-2607-4bd9-8d53-b9007a14447f,mheo@example.com,kakao,ADMIN,2023-11-07 10:33:00.605869,2023-11-07 10:33:00.605869
1c51d519-4d83-46aa-850c-e8a797932f24,gimgyeongsug@example.net,kakao,ADMIN,2023-11-07 10:33:00.605869,2023-11-07 10:33:00.605869
0932ddef-969f-4cc7-99c2-c34581044c19,gimyeeun@example.org,kakao,ADMIN,2023-11-07 10:33:00.605869,2023-11-07 10:33:00.605869
4c03ca60-179e-4f9d-894d-adf7abd96769,gimogja@example.org,kakao,ADMIN,2023-11-07 10:33:00.605869,2023-11-07 10:33:00.605869
1ea4c5b5-b453-48ee-883d-336117822d71,ygim@example.org,kakao,ADMIN,2023-11-07 10:33:00.605869,2023-11-07 10:33:00.605869
a653bda4-f1cd-4bbd-9f4a-0d0f3a5f77fa,yejungim@example.org,kakao,ADMIN,2023-11-07 10:33:00.605869,2023-11-07 10:33:00.605869
8e156d92-719e-422f-aeec-64c5c63adac0,gangsanghun@example.net,kakao,ADMIN,2023-11-07 10:33:00.605869,2023-11-07 10:33:00.605869
15617918-ffca-4c96-bd6e-e930356e2b10,seoyeongim@example.net,kakao,ADMIN,2023-11-07 10:33:00.605869,2023-11-07 10:33:00.605869
3cd7e6e9-7b5a-4580-a263-a7b4fd905fb4,seungminbag@example.com,kakao,ADMIN,2023-11-07 10:33:00.605869,2023-11-07 10:33:00.605869
0748fd20-3f1f-486d-83ce-0a3bbec991b7,seoyeon20@example.com,kakao,ADMIN,2023-11-07 10:33:00.605869,2023-11-07 10:33:00.605869
8d9614e2-61f2-4844-b180-24c5a9cbe385,syun@example.net,kakao,ADMIN,2023-11-07 10:33:00.605869,2023-11-07 10:33:00.605869
b7c01298-3ee3-4503-8e81-a87de38da9b7,yeonghwan49@example.net,kakao,ADMIN,2023-11-07 10:33:00.606869,2023-11-07 10:33:00.606869
1904d67f-7f7a-4567-b7ca-35adf9a1e8a4,munjaehyeon@example.com,kakao,ADMIN,2023-11-07 10:33:00.606869,2023-11-07 10:33:00.606869
bdfc6124-7747-4939-8e0d-7625d6f181f0,jna@example.com,kakao,ADMIN,2023-11-07 10:33:00.606869,2023-11-07 10:33:00.606869
087456e9-0066-4ace-8039-35e8aeef76f3,yejii@example.net,kakao,ADMIN,2023-11-07 10:33:00.606869,2023-11-07 10:33:00.606869
4d94d0ed-4576-4df5-9d64-e472540a1fa0,sugja01@example.com,kakao,ADMIN,2023-11-07 10:33:00.606869,2023-11-07 10:33:00.606869
bc9f3ff3-0083-4143-a48e-e55f0563d81b,jia91@example.com,kakao,ADMIN,2023-11-07 10:33:00.606869,2023-11-07 10:33:00.606869
a13bfbf6-25c2-4b6f-812e-6d3a0046fc57,qno@example.com,kakao,ADMIN,2023-11-07 10:33:00.606869,2023-11-07 10:33:00.606869
757b6ef4-e9a3-4264-9fff-f920b0541e66,minseo36@example.org,kakao,ADMIN,2023-11-07 10:33:00.606869,2023-11-07 10:33:00.606869
8d4c5681-4c84-43b5-9262-0afdd38df19d,siu81@example.org,kakao,ADMIN,2023-11-07 10:33:00.606869,2023-11-07 10:33:00.606869
d62aed7b-f9a4-42e9-a9b3-4159459fe190,jeongung47@example.net,kakao,ADMIN,2023-11-07 10:33:00.606869,2023-11-07 10:33:00.606869
e89c6167-d055-49af-adf5-df521c0d14ff,yeongsug52@example.net,kakao,ADMIN,2023-11-07 10:33:00.606869,2023-11-07 10:33:00.606869
fde28746-a830-4eac-841f-d49d057bb34c,thwang@example.net,kakao,ADMIN,2023-11-07 10:33:00.606869,2023-11-07 10:33:00.606869
e43b9548-3104-4e71-a69e-1e9213a20863,gyeonghyi71@example.org,kakao,ADMIN,2023-11-07 10:33:00.606869,2023-11-07 10:33:00.606869
6d7ba1b3-5f1e-43b3-9d27-53f09d077957,myeongjai@example.org,kakao,ADMIN,2023-11-07 10:33:00.606869,2023-11-07 10:33:00.606869
3a6466e6-3ac2-4f76-aeb2-8c139d50e95d,isujin@example.com,kakao,ADMIN,2023-11-07 10:33:00.606869,2023-11-07 10:33:00.606869
caceb74b-618a-4010-892c-9d193773babb,jimin09@example.org,kakao,ADMIN,2023-11-07 10:33:00.606869,2023-11-07 10:33:00.606869
835f8fa5-6ebc-4107-9a0b-3cba4e0920d8,minji56@example.com,kakao,ADMIN,2023-11-07 10:33:00.606869,2023-11-07 10:33:00.606869
6a1ea900-9e68-4acc-8b04-eca256e11007,miyeongnam@example.org,kakao,ADMIN,2023-11-07 10:33:00.606869,2023-11-07 10:33:00.606869
171c87a6-5bc3-43f4-9c8e-5a519fa141b3,gyeongsu31@example.net,kakao,ADMIN,2023-11-07 10:33:00.606869,2023-11-07 10:33:00.606869
1c678fa6-dc8c-4efb-bc52-860d4ad4fa0d,yunseo55@example.com,kakao,ADMIN,2023-11-07 10:33:00.607869,2023-11-07 10:33:00.607869
ecc4efcf-1e77-4a4b-979a-2c243cf4aa52,gangjunseo@example.net,kakao,ADMIN,2023-11-07 10:33:00.607869,2023-11-07 10:33:00.607869
b8a10d66-f139-40cb-80ec-c8436da5d0b6,gimjeongsun@example.com,kakao,ADMIN,2023-11-07 10:33:00.607869,2023-11-07 10:33:00.607869
af87fcbb-5907-451a-a3b0-1edd65f30ff6,yujin00@example.org,kakao,ADMIN,2023-11-07 10:33:00.607869,2023-11-07 10:33:00.607869
a106afa1-d167-4e2a-8e48-d6753d4ff682,baghayun@example.com,kakao,ADMIN,2023-11-07 10:33:00.607869,2023-11-07 10:33:00.607869
6e2a2b0f-430a-4d24-b24e-31c0dcd3312c,yeongmi03@example.com,kakao,ADMIN,2023-11-07 10:33:00.607869,2023-11-07 10:33:00.607869
ebca45eb-ecec-4696-a6b2-27e2f1c727ac,jeonghun81@example.com,kakao,ADMIN,2023-11-07 10:33:00.607869,2023-11-07 10:33:00.607869
07a85cdc-2cfa-4ad2-9dcb-8cb2d3885776,oi@example.com,kakao,ADMIN,2023-11-07 10:33:00.607869,2023-11-07 10:33:00.607869
4385f4e9-f6d2-4cf2-b4c7-827761995d87,ai@example.com,kakao,ADMIN,2023-11-07 10:33:00.607869,2023-11-07 10:33:00.607869
1ad71f20-ef43-46dd-b1ab-08ee24b76a23,hmun@example.net,kakao,ADMIN,2023-11-07 10:33:00.607869,2023-11-07 10:33:00.607869
392b6bac-ee0d-4d51-921a-04f4fc1b2da5,thwang@example.net,kakao,ADMIN,2023-11-07 10:33:00.607869,2023-11-07 10:33:00.607869
6b1949cd-c7d2-4162-a26c-b4fd72d5ef28,eungyeongbag@example.com,kakao,ADMIN,2023-11-07 10:33:00.607869,2023-11-07 10:33:00.607869
de0df997-9aac-428b-8777-b07501b0a89e,jinho26@example.org,kakao,ADMIN,2023-11-07 10:33:00.607869,2023-11-07 10:33:00.607869
ddf4a03a-263a-48e3-be76-f193ec929f7e,ieunju@example.org,kakao,ADMIN,2023-11-07 10:33:00.607869,2023-11-07 10:33:00.607869
affa3eb2-bf2d-434f-8bd6-6663c0193cd1,coemiyeong@example.org,kakao,ADMIN,2023-11-07 10:33:00.607869,2023-11-07 10:33:00.607869
0c4451d5-333f-4e93-b2fd-0928274ec381,gimseohyeon@example.net,kakao,ADMIN,2023-11-07 10:33:00.607869,2023-11-07 10:33:00.607869
3359f0aa-14f3-45af-92bc-057ac09523f0,syun@example.org,kakao,ADMIN,2023-11-07 10:33:00.607869,2023-11-07 10:33:00.607869
cc7c15b6-6c03-412d-a055-ea1c0d3326c5,yseo@example.org,kakao,ADMIN,2023-11-07 10:33:00.607869,2023-11-07 10:33:00.607869
fd5e383a-5767-4327-b80b-a305da2a871d,myeongja22@example.org,kakao,ADMIN,2023-11-07 10:33:00.608868,2023-11-07 10:33:00.608868
0212c453-fdd7-4015-9a6d-b86ca8b9fc6a,seojun55@example.net,kakao,ADMIN,2023-11-07 10:33:00.608868,2023-11-07 10:33:00.608868
704b6842-b2ff-46c1-b065-d5e01aa68995,songjeongho@example.com,kakao,ADMIN,2023-11-07 10:33:00.608868,2023-11-07 10:33:00.608868
3e28408d-c57b-46e3-8ced-7692a2dc7d15,jaeho68@example.com,kakao,ADMIN,2023-11-07 10:33:00.608868,2023-11-07 10:33:00.608868
342f167b-a9b0-4fad-900f-2c20b2ddcb5e,hyun@example.net,kakao,ADMIN,2023-11-07 10:33:00.608868,2023-11-07 10:33:00.608868
b6571eaf-c057-4c0e-9b86-0a442ef33d46,coeeunseo@example.net,kakao,ADMIN,2023-11-07 10:33:00.608868,2023-11-07 10:33:00.608868
8b14ba37-0902-45d4-8421-e9fdc72c68e2,ijeonghyi@example.com,kakao,ADMIN,2023-11-07 10:33:00.608868,2023-11-07 10:33:00.608868
6e0fb988-cfe5-4167-9832-b4e4e4a6b9dd,qgim@example.net,kakao,ADMIN,2023-11-07 10:33:00.608868,2023-11-07 10:33:00.608868
83f868be-fe8d-4c12-b99c-230a334c30ca,jungsuryu@example.com,kakao,ADMIN,2023-11-07 10:33:00.608868,2023-11-07 10:33:00.608868
c626c141-fa0f-4aed-bf0b-ad3246122875,agim@example.org,kakao,ADMIN,2023-11-07 10:33:00.608868,2023-11-07 10:33:00.608868
52d7d735-cde3-4248-ba0d-fc48eb162208,gwangsu87@example.org,kakao,ADMIN,2023-11-07 10:33:00.608868,2023-11-07 10:33:00.608868
94000e17-81e2-4137-9592-58df36874b67,eunyeongi@example.com,kakao,ADMIN,2023-11-07 10:33:00.608868,2023-11-07 10:33:00.608868
588ec937-3736-41e8-b40c-a60756346423,yeongil94@example.org,kakao,ADMIN,2023-11-07 10:33:00.608868,2023-11-07 10:33:00.608868
cea48bf3-0351-4f5f-8d74-56e88eb1653a,rgim@example.net,kakao,ADMIN,2023-11-07 10:33:00.608868,2023-11-07 10:33:00.608868
5ae3ebc0-e9ea-41f2-8b75-5fed37e60245,xgim@example.com,kakao,ADMIN,2023-11-07 10:33:00.608868,2023-11-07 10:33:00.608868
7892184c-cc1a-4e56-a3c3-173eec0d85e7,bagjeongsug@example.com,kakao,ADMIN,2023-11-07 10:33:00.608868,2023-11-07 10:33:00.608868
d7420c0a-7acf-4536-a4ac-0660684ebcd5,heomiyeong@example.org,kakao,ADMIN,2023-11-07 10:33:00.608868,2023-11-07 10:33:00.608868
dc6c0174-e9e7-43f6-81e0-8ec9040c7a98,seojuni@example.net,kakao,ADMIN,2023-11-07 10:33:00.608868,2023-11-07 10:33:00.608868
be19ce99-476b-42c2-9af6-db14ad56e97d,yeweoncoe@example.com,kakao,ADMIN,2023-11-07 10:33:00.609869,2023-11-07 10:33:00.609869
6eb364f9-2977-4183-b20c-bd65b5b2e767,songseonghyeon@example.com,kakao,ADMIN,2023-11-07 10:33:00.609869,2023-11-07 10:33:00.609869
75207976-8c2e-4d87-94be-7c7b3dcdb09a,coeyeonggil@example.com,kakao,ADMIN,2023-11-07 10:33:00.609869,2023-11-07 10:33:00.609869
5f96934d-ccd0-475e-bff7-47eabc1cde91,hwangyeongsu@example.org,kakao,ADMIN,2023-11-07 10:33:00.609869,2023-11-07 10:33:00.609869
d8c2b36c-faad-4e5a-853d-b8a45b0ca7e8,jeonsubin@example.org,kakao,ADMIN,2023-11-07 10:33:00.609869,2023-11-07 10:33:00.609869
