funding_title,funding_business_name,funding_category,funding_max_limit,funding_min_limit,funding_cur_count,participation_rate,funding_total_amount,funding_discount_price,funding_discount_rate,funding_menu,funding_price,funding_description,funding_end_date,funding_is_active,funding_is_success,business_id,created_date,modified_date
possimus,윤홍황,CHICKEN_BURGER,18,66,0,0,0,29076,50.82532810174537,laborum,59128,수익에 중점을 둔 무관리 지식 기반,2023-11-11,ACTIVE,UNDECIDED,104,2023-11-07 14:45:38.809769,2023-11-07 14:45:38.809769
labore,이이하,CHINESE,18,81,0,0,0,25494,61.339338519630594,occaecati,65943,중심이 웹 사용 가능 미들웨어,2023-11-23,ACTIVE,UNDECIDED,136,2023-11-07 14:45:38.809769,2023-11-07 14:45:38.809769
quod,김이이,ASIAN,15,107,0,0,0,36071,37.80862068965517,veritatis,58000,멀티 레이어 근본적 모델,2023-11-11,ACTIVE,UNDECIDED,86,2023-11-07 14:45:38.809769,2023-11-07 14:45:38.809769
distinctio,황이,CAFE_DESSERT,12,191,0,0,0,28375,65.79223378220352,nisi,82949,안정적인 인간자원 GUI,2023-11-24,ACTIVE,UNDECIDED,100,2023-11-07 14:45:38.809769,2023-11-07 14:45:38.809769
sed,주식회사 문윤최,CHINESE,7,161,0,0,0,25129,50.24650048508128,pariatur,50507,중심이 상황에 맞는 관리자,2023-11-17,ACTIVE,UNDECIDED,116,2023-11-07 14:45:38.809769,2023-11-07 14:45:38.809769
quos,(유) 김박서,JAPANESE_SUSHI,6,78,0,0,0,13001,85.13423893157702,nam,87456,관리된 보조 구조체,2023-11-12,ACTIVE,UNDECIDED,99,2023-11-07 14:45:38.809769,2023-11-07 14:45:38.809769
tenetur,(유) 오장하,KOREAN,20,36,0,0,0,44463,48.48751665411574,est,86315,사용자 중심의 확장 GUI,2023-12-03,ACTIVE,UNDECIDED,52,2023-11-07 14:45:38.809769,2023-11-07 14:45:38.809769
quae,김이,KOREAN,20,62,0,0,0,37746,56.78169868785638,provident,87338,올바른 사이즈의 하이브리드 표준,2023-11-17,ACTIVE,UNDECIDED,95,2023-11-07 14:45:38.809769,2023-11-07 14:45:38.809769
quaerat,주식회사 유,WESTERN,14,178,0,0,0,18853,77.69456472870968,eveniet,84522,완벽히 설정된 장거리 관리자,2023-11-25,ACTIVE,UNDECIDED,111,2023-11-07 14:45:38.809769,2023-11-07 14:45:38.809769
occaecati,유한회사 김최김,CAFE_DESSERT,13,83,0,0,0,20842,77.83614785826704,occaecati,94036,유저 친화적 국가적 제품,2023-11-08,ACTIVE,UNDECIDED,110,2023-11-07 14:45:38.809769,2023-11-07 14:45:38.809769
temporibus,유한회사 이김권,CHICKEN_BURGER,16,83,0,0,0,49853,43.33469731069131,autem,87978,중심이 글로벌 펌웨어,2023-11-18,ACTIVE,UNDECIDED,95,2023-11-07 14:45:38.809769,2023-11-07 14:45:38.809769
repudiandae,(유) 최,SNACKS_LATE_NIGHT,6,82,0,0,0,35285,32.853146586994995,iste,52549,안정적인 휴대형 설치과정,2023-11-14,ACTIVE,UNDECIDED,128,2023-11-07 14:45:38.809769,2023-11-07 14:45:38.809769
exercitationem,(유) 송,ASIAN,20,99,0,0,0,41529,56.84715857726238,ab,96237,동기화 비대칭 LAN,2023-11-10,ACTIVE,UNDECIDED,90,2023-11-07 14:45:38.810769,2023-11-07 14:45:38.810769
exercitationem,이최,CHINESE,10,103,0,0,0,36859,38.53350231798019,eius,59966,공유 가능한 잘 모듈화된 프로토콜,2023-11-12,ACTIVE,UNDECIDED,99,2023-11-07 14:45:38.810769,2023-11-07 14:45:38.810769
soluta,류이박,CAFE_DESSERT,6,88,0,0,0,40067,53.67066359862632,nobis,86483,객체 기반의 클라이언트-서버 코어,2023-11-26,ACTIVE,UNDECIDED,94,2023-11-07 14:45:38.810769,2023-11-07 14:45:38.810769
cum,유한회사 이홍배,WESTERN,9,170,0,0,0,22353,64.4037836804892,dolorum,62796,더 커진 결합된 배열,2023-11-19,ACTIVE,UNDECIDED,113,2023-11-07 14:45:38.810769,2023-11-07 14:45:38.810769
adipisci,오김최,ASIAN,11,156,0,0,0,41391,47.182451573386416,possimus,78366,복제된 3세대 모델,2023-11-11,ACTIVE,UNDECIDED,87,2023-11-07 14:45:38.810769,2023-11-07 14:45:38.810769
tempora,이김,WESTERN,18,92,0,0,0,25010,67.26911046838806,error,76411,품질 중심의 다이나믹 시너지,2023-11-30,ACTIVE,UNDECIDED,52,2023-11-07 14:45:38.810769,2023-11-07 14:45:38.810769
omnis,정배이,WESTERN,15,73,0,0,0,44829,16.07727876893124,molestiae,53417,완벽히 설정된 하이브리드 에뮬레이션,2023-11-11,ACTIVE,UNDECIDED,116,2023-11-07 14:45:38.810769,2023-11-07 14:45:38.810769
esse,(주) 이이김,SNACKS_LATE_NIGHT,20,47,0,0,0,18085,66.2807174553455,provident,53634,동기화 잘 모듈화된 모니터링,2023-11-27,ACTIVE,UNDECIDED,126,2023-11-07 14:45:38.810769,2023-11-07 14:45:38.810769
nulla,주식회사 김송손,JAPANESE_SUSHI,19,142,0,0,0,35419,45.57621389059619,voluptatum,65080,무결점의 24/7 예보,2023-11-10,ACTIVE,UNDECIDED,108,2023-11-07 14:45:38.810769,2023-11-07 14:45:38.810769
repellat,허송김,CAFE_DESSERT,20,120,0,0,0,25370,63.46065214886508,sit,69432,올바른 사이즈의 문맥 기반 미디어 정보,2023-11-16,ACTIVE,UNDECIDED,64,2023-11-07 14:45:38.810769,2023-11-07 14:45:38.810769
aut,이서,SNACKS_LATE_NIGHT,12,144,0,0,0,38378,56.205995458331905,dolor,87633,조절 가능한 무관리 성공,2023-12-01,ACTIVE,UNDECIDED,100,2023-11-07 14:45:38.810769,2023-11-07 14:45:38.810769
aut,김김권,SNACKS_LATE_NIGHT,15,164,0,0,0,11447,88.12872046958289,optio,96426,공개 아키텍쳐 비대칭 코어,2023-12-06,ACTIVE,UNDECIDED,105,2023-11-07 14:45:38.810769,2023-11-07 14:45:38.810769
repellat,류배,WESTERN,11,42,0,0,0,40484,52.2194290030568,debitis,84729,다중 주파수 잘 모듈화된 안내 창구,2023-11-15,ACTIVE,UNDECIDED,59,2023-11-07 14:45:38.810769,2023-11-07 14:45:38.810769
quidem,(유) 조김최,JAPANESE_SUSHI,15,43,0,0,0,15233,73.57125507477706,eum,57638,공개 아키텍쳐 상황에 맞는 프레임,2023-11-14,ACTIVE,UNDECIDED,95,2023-11-07 14:45:38.810769,2023-11-07 14:45:38.810769
recusandae,진김김,CHINESE,14,196,0,0,0,21537,73.95610375476147,tempore,82695,관리된 선구적 벤치마크,2023-12-06,ACTIVE,UNDECIDED,113,2023-11-07 14:45:38.810769,2023-11-07 14:45:38.810769
ipsa,이김김,CHICKEN_BURGER,10,96,0,0,0,47161,47.76198757213589,dolorem,90281,독보적인 정적 패러다임,2023-11-17,ACTIVE,UNDECIDED,62,2023-11-07 14:45:38.810769,2023-11-07 14:45:38.810769
architecto,(유) 박오최,JAPANESE_SUSHI,7,163,0,0,0,17995,80.07220296563715,saepe,90301,효율적인 취약점 모델,2023-11-12,ACTIVE,UNDECIDED,113,2023-11-07 14:45:38.810769,2023-11-07 14:45:38.810769
excepturi,이이,SNACKS_LATE_NIGHT,17,146,0,0,0,33774,34.53128634566178,incidunt,51588,낮은 다중 상태 예산 관리,2023-12-07,ACTIVE,UNDECIDED,144,2023-11-07 14:45:38.810769,2023-11-07 14:45:38.810769
incidunt,김안,CAFE_DESSERT,9,58,0,0,0,15577,77.54245840662034,explicabo,69362,조절 가능한 비대칭 코어,2023-11-17,ACTIVE,UNDECIDED,94,2023-11-07 14:45:38.811768,2023-11-07 14:45:38.811768
tenetur,주식회사 최,JAPANESE_SUSHI,20,126,0,0,0,11062,84.75930671516355,quidem,72582,단체 기반의 결정 능력,2023-12-04,ACTIVE,UNDECIDED,104,2023-11-07 14:45:38.811768,2023-11-07 14:45:38.811768
dolore,강이,ASIAN,16,169,0,0,0,32721,51.74961291749612,repudiandae,67815,강화된 지역적 프로젝트,2023-11-20,ACTIVE,UNDECIDED,60,2023-11-07 14:45:38.811768,2023-11-07 14:45:38.811768
alias,이서,SNACKS_LATE_NIGHT,7,172,0,0,0,27880,70.1875574755662,quia,93518,수익에 중점을 둔 최적화된 서비스 창구,2023-11-28,ACTIVE,UNDECIDED,81,2023-11-07 14:45:38.811768,2023-11-07 14:45:38.811768
fugit,최서,JAPANESE_SUSHI,15,142,0,0,0,38708,60.219927033554285,fuga,97305,품질 중심의 분석중인 소프트웨어,2023-11-13,ACTIVE,UNDECIDED,58,2023-11-07 14:45:38.811768,2023-11-07 14:45:38.811768
deleniti,(주) 이,SNACKS_LATE_NIGHT,11,147,0,0,0,11197,85.31174981306818,et,76231,줄어든 실행 성공,2023-11-27,ACTIVE,UNDECIDED,85,2023-11-07 14:45:38.811768,2023-11-07 14:45:38.811768
repudiandae,이오장,ASIAN,5,74,0,0,0,28851,47.016693295135255,corrupti,54453,무결점의 24시간 지식 기반,2023-11-17,ACTIVE,UNDECIDED,143,2023-11-07 14:45:38.811768,2023-11-07 14:45:38.811768
ducimus,최이박,CHICKEN_BURGER,16,149,0,0,0,16241,74.61510808233952,odit,63979,크로스 그룹 수요 중심 시너지,2023-11-26,ACTIVE,UNDECIDED,138,2023-11-07 14:45:38.811768,2023-11-07 14:45:38.811768
inventore,이김,KOREAN,10,130,0,0,0,17747,80.49523014023828,eveniet,90988,가상 멀티 태스킹 축적,2023-12-07,ACTIVE,UNDECIDED,79,2023-11-07 14:45:38.812809,2023-11-07 14:45:38.812809
dolorem,유한회사 김,SNACKS_LATE_NIGHT,6,103,0,0,0,37103,61.350639069156976,expedita,95999,효율적인 4세대 고객 만족,2023-11-13,ACTIVE,UNDECIDED,128,2023-11-07 14:45:38.812809,2023-11-07 14:45:38.812809
dicta,허이이,SNACKS_LATE_NIGHT,9,99,0,0,0,46083,51.61838969438,dicta,95249,더 커진 근본적 프로토콜,2023-11-22,ACTIVE,UNDECIDED,85,2023-11-07 14:45:38.812809,2023-11-07 14:45:38.812809
magnam,오우,SNACKS_LATE_NIGHT,11,155,0,0,0,48049,19.04946424961251,repudiandae,59356,공유 가능한 분리형 지원,2023-11-17,ACTIVE,UNDECIDED,112,2023-11-07 14:45:38.812809,2023-11-07 14:45:38.812809
quisquam,박장,KOREAN,17,135,0,0,0,35750,55.13190592133337,veritatis,79678,품질 중심의 해답 기반 그래픽 인터페이스,2023-11-11,ACTIVE,UNDECIDED,116,2023-11-07 14:45:38.812809,2023-11-07 14:45:38.812809
unde,황김,CHICKEN_BURGER,6,154,0,0,0,37122,56.47810539890966,dignissimos,85295,멀티 채널 주파수 탐지 가능 공개 시스템,2023-12-03,ACTIVE,UNDECIDED,125,2023-11-07 14:45:38.812809,2023-11-07 14:45:38.812809
culpa,김곽한,CHICKEN_BURGER,16,58,0,0,0,17206,73.2393928082618,ipsa,64296,유저 친화적 환경 친화적 생산 능력,2023-11-10,ACTIVE,UNDECIDED,76,2023-11-07 14:45:38.812809,2023-11-07 14:45:38.812809
voluptatum,(유) 진,ASIAN,14,99,0,0,0,14506,82.15941654675373,vel,81309,멀티 채널 가치추가 그룹웨어,2023-11-10,ACTIVE,UNDECIDED,146,2023-11-07 14:45:38.812809,2023-11-07 14:45:38.812809
vel,유한회사 홍,CHINESE,8,101,0,0,0,48266,33.60204699279151,tempore,72692,선택적 선구적 코어,2023-11-21,ACTIVE,UNDECIDED,119,2023-11-07 14:45:38.812809,2023-11-07 14:45:38.812809
soluta,주식회사 최,ASIAN,13,116,0,0,0,39094,30.936649825106876,magnam,56606,함수 기반의 수요 중심 패러다임,2023-12-07,ACTIVE,UNDECIDED,107,2023-11-07 14:45:38.812809,2023-11-07 14:45:38.812809
amet,(유) 이,SNACKS_LATE_NIGHT,20,177,0,0,0,33065,45.788861016838,laudantium,60993,융합력있는 고단계 엔진,2023-11-12,ACTIVE,UNDECIDED,116,2023-11-07 14:45:38.812809,2023-11-07 14:45:38.812809
tempora,(주) 박서박,CAFE_DESSERT,7,36,0,0,0,13207,77.91249958189785,aspernatur,59794,프로그래밍 가능한 가치추가 프로젝트,2023-11-19,ACTIVE,UNDECIDED,112,2023-11-07 14:45:38.812809,2023-11-07 14:45:38.812809
voluptatum,안강한,JAPANESE_SUSHI,6,137,0,0,0,14379,78.37028791479888,pariatur,66478,줄어든 최대화 안내 창구,2023-12-07,ACTIVE,UNDECIDED,57,2023-11-07 14:45:38.812809,2023-11-07 14:45:38.812809
ipsam,(주) 김,CAFE_DESSERT,16,112,0,0,0,17862,71.40203973806817,autem,62459,독보적인 지역적 어플리케이션,2023-11-12,ACTIVE,UNDECIDED,104,2023-11-07 14:45:38.812809,2023-11-07 14:45:38.812809
veritatis,최최,ASIAN,5,198,0,0,0,48347,36.49248633879781,vel,76128,확장된 역수 전략,2023-11-27,ACTIVE,UNDECIDED,102,2023-11-07 14:45:38.812809,2023-11-07 14:45:38.812809
possimus,한김,KOREAN,10,112,0,0,0,47496,48.43332681909973,quos,92106,유저 친화적 무관용 솔루션,2023-11-08,ACTIVE,UNDECIDED,127,2023-11-07 14:45:38.812809,2023-11-07 14:45:38.812809
sint,(유) 이김김,WESTERN,8,194,0,0,0,21217,64.67895253791474,ipsam,60069,공개 아키텍쳐 휴리스틱 성공,2023-12-07,ACTIVE,UNDECIDED,131,2023-11-07 14:45:38.812809,2023-11-07 14:45:38.812809
porro,이김김,SNACKS_LATE_NIGHT,8,189,0,0,0,49471,12.296346198166894,aut,56407,공개 아키텍쳐 백그라운드 연합,2023-12-05,ACTIVE,UNDECIDED,96,2023-11-07 14:45:38.813794,2023-11-07 14:45:38.813794
sunt,(유) 김,WESTERN,6,78,0,0,0,21681,69.62211542503258,odit,71371,멀티 채널 근본적 GUI,2023-11-14,ACTIVE,UNDECIDED,60,2023-11-07 14:45:38.813794,2023-11-07 14:45:38.813794
id,김문,CHINESE,12,116,0,0,0,17796,74.11641504494284,facere,68754,수익에 중점을 둔 헌신적 코어,2023-11-13,ACTIVE,UNDECIDED,123,2023-11-07 14:45:38.813794,2023-11-07 14:45:38.813794
consequatur,유한회사 김안나,CHICKEN_BURGER,18,196,0,0,0,36484,55.294146478942274,pariatur,81609,모니터링되는 다음 세대 유연성,2023-12-07,ACTIVE,UNDECIDED,137,2023-11-07 14:45:38.813794,2023-11-07 14:45:38.813794
quo,김홍,KOREAN,14,154,0,0,0,22188,76.10081861266696,vitae,92840,안정적인 그리드 가능 고객 만족,2023-11-17,ACTIVE,UNDECIDED,122,2023-11-07 14:45:38.813794,2023-11-07 14:45:38.813794
maxime,이박안,CAFE_DESSERT,15,132,0,0,0,48968,25.00038290116555,vero,65291,반동적인 24/7 암호화,2023-11-13,ACTIVE,UNDECIDED,137,2023-11-07 14:45:38.813794,2023-11-07 14:45:38.813794
illo,송이나,KOREAN,14,179,0,0,0,30694,50.09511421835623,distinctio,61505,품질 중심의 4세대 도전,2023-11-11,ACTIVE,UNDECIDED,72,2023-11-07 14:45:38.813794,2023-11-07 14:45:38.813794
tempore,(유) 권,CHINESE,11,170,0,0,0,48616,44.7036476757015,doloribus,87919,안정적인 분석중인 미디어 정보,2023-11-30,ACTIVE,UNDECIDED,150,2023-11-07 14:45:38.813794,2023-11-07 14:45:38.813794
enim,김신,CAFE_DESSERT,6,158,0,0,0,18346,75.17523206408487,nobis,73902,크로스 플랫폼 3세대 엔진,2023-11-12,ACTIVE,UNDECIDED,127,2023-11-07 14:45:38.813794,2023-11-07 14:45:38.813794
repellat,주식회사 서,SNACKS_LATE_NIGHT,13,79,0,0,0,48269,40.75896856858823,facilis,81479,1:1 보조 코어,2023-11-19,ACTIVE,UNDECIDED,66,2023-11-07 14:45:38.813794,2023-11-07 14:45:38.813794
quae,박김김,SNACKS_LATE_NIGHT,13,145,0,0,0,28666,68.88864771000651,cum,92140,조절 가능한 웹 사용 가능 환경,2023-11-28,ACTIVE,UNDECIDED,118,2023-11-07 14:45:38.813794,2023-11-07 14:45:38.813794
illum,손오최,SNACKS_LATE_NIGHT,19,199,0,0,0,35662,56.54049574691072,iure,82058,융합된 24/7 환경,2023-11-11,ACTIVE,UNDECIDED,134,2023-11-07 14:45:38.813794,2023-11-07 14:45:38.813794
ipsa,(유) 김,SNACKS_LATE_NIGHT,5,150,0,0,0,21886,68.35042154126477,vitae,69151,최적화된 환경 친화적 코어,2023-11-22,ACTIVE,UNDECIDED,133,2023-11-07 14:45:38.813794,2023-11-07 14:45:38.813794
harum,(유) 백김이,CAFE_DESSERT,9,82,0,0,0,46354,35.07570346092973,asperiores,71397,유저 친화적 분리된 모델,2023-11-09,ACTIVE,UNDECIDED,62,2023-11-07 14:45:38.813794,2023-11-07 14:45:38.813794
nesciunt,박오,CHINESE,19,146,0,0,0,49136,41.02665658493261,porro,83319,더 작아진 비대칭 소프트웨어,2023-12-06,ACTIVE,UNDECIDED,96,2023-11-07 14:45:38.813794,2023-11-07 14:45:38.813794
voluptas,박최,SNACKS_LATE_NIGHT,16,168,0,0,0,27754,52.534546449582706,totam,58472,안정적인 무해한 인코딩,2023-11-26,ACTIVE,UNDECIDED,73,2023-11-07 14:45:38.814770,2023-11-07 14:45:38.814770
cumque,(주) 김최박,SNACKS_LATE_NIGHT,12,48,0,0,0,30487,67.74033119940745,dignissimos,94505,최전방 합성물 프로젝트,2023-11-14,ACTIVE,UNDECIDED,54,2023-11-07 14:45:38.814770,2023-11-07 14:45:38.814770
quisquam,유김임,CAFE_DESSERT,20,174,0,0,0,23748,71.35931111834726,quia,82917,유기농 다음 세대 회로,2023-11-10,ACTIVE,UNDECIDED,136,2023-11-07 14:45:38.814770,2023-11-07 14:45:38.814770
placeat,(유) 박,JAPANESE_SUSHI,20,162,0,0,0,26802,70.44070937003706,corrupti,90672,올바른 사이즈의 국가적 예산 관리,2023-11-11,ACTIVE,UNDECIDED,106,2023-11-07 14:45:38.814770,2023-11-07 14:45:38.814770
dicta,이박윤,KOREAN,8,102,0,0,0,43759,34.28592881814086,deleniti,66590,복제된 상황에 맞는 엑스트라넷,2023-11-11,ACTIVE,UNDECIDED,125,2023-11-07 14:45:38.814770,2023-11-07 14:45:38.814770
illo,주식회사 김양김,SNACKS_LATE_NIGHT,12,157,0,0,0,32192,45.35392972330674,ut,58910,관리된 백그라운드 웹 사이트,2023-11-23,ACTIVE,UNDECIDED,99,2023-11-07 14:45:38.814770,2023-11-07 14:45:38.814770
aspernatur,(유) 김,SNACKS_LATE_NIGHT,18,120,0,0,0,19307,65.85430557274994,repellendus,56543,객체 기반의 범국가적 허브,2023-12-06,ACTIVE,UNDECIDED,135,2023-11-07 14:45:38.814770,2023-11-07 14:45:38.814770
corporis,주식회사 김유류,CAFE_DESSERT,18,129,0,0,0,27905,62.09847198641766,non,73625,확장된 실시간 보안구역,2023-11-11,ACTIVE,UNDECIDED,78,2023-11-07 14:45:38.814770,2023-11-07 14:45:38.814770
sint,서김손,JAPANESE_SUSHI,16,193,0,0,0,23582,69.16861688914456,quaerat,76487,조직화된 클라이언트 단 소프트웨어,2023-11-27,ACTIVE,UNDECIDED,73,2023-11-07 14:45:38.814770,2023-11-07 14:45:38.814770
officiis,조이이,WESTERN,15,77,0,0,0,38965,55.82900673362505,provident,88214,업그레이드 가능한 역수 예보,2023-11-25,ACTIVE,UNDECIDED,81,2023-11-07 14:45:38.814770,2023-11-07 14:45:38.814770
nam,김류,JAPANESE_SUSHI,16,167,0,0,0,20541,74.99786993195954,cum,82157,업그레이드 가능한 범국가적 연합,2023-11-18,ACTIVE,UNDECIDED,135,2023-11-07 14:45:38.814770,2023-11-07 14:45:38.814770
ab,(주) 최,SNACKS_LATE_NIGHT,5,73,0,0,0,34081,57.93559694400218,dignissimos,81021,다중 주파수 최대화 성공,2023-11-26,ACTIVE,UNDECIDED,107,2023-11-07 14:45:38.814770,2023-11-07 14:45:38.814770
quos,주식회사 이박김,CHINESE,7,168,0,0,0,49971,45.7538618526037,eos,92119,사용자 중심의 분리형 배열,2023-11-30,ACTIVE,UNDECIDED,64,2023-11-07 14:45:38.814770,2023-11-07 14:45:38.814770
quo,유한회사 김,CHICKEN_BURGER,16,71,0,0,0,37714,46.85698986853045,quaerat,70967,유기농 비동기 능력,2023-11-11,ACTIVE,UNDECIDED,133,2023-11-07 14:45:38.814770,2023-11-07 14:45:38.814770
modi,문장이,JAPANESE_SUSHI,5,73,0,0,0,35693,29.99725425590335,atque,50988,올바른 사이즈의 장거리 보안구역,2023-11-21,ACTIVE,UNDECIDED,76,2023-11-07 14:45:38.815801,2023-11-07 14:45:38.815801
veritatis,이최,CHINESE,8,195,0,0,0,10671,85.14677839177095,eos,71843,유기농 다중 상태 아키텍쳐,2023-11-15,ACTIVE,UNDECIDED,134,2023-11-07 14:45:38.815801,2023-11-07 14:45:38.815801
quisquam,(주) 오,SNACKS_LATE_NIGHT,13,35,0,0,0,31959,61.8964160526504,quibusdam,83874,오픈소스 취약점 어댑터,2023-11-20,ACTIVE,UNDECIDED,75,2023-11-07 14:45:38.815801,2023-11-07 14:45:38.815801
id,유한회사 김,JAPANESE_SUSHI,14,38,0,0,0,24112,54.52196382428941,nihil,53019,원활한 24시간 벤치마크,2023-11-14,ACTIVE,UNDECIDED,81,2023-11-07 14:45:38.815801,2023-11-07 14:45:38.815801
porro,(유) 김최최,SNACKS_LATE_NIGHT,6,65,0,0,0,44264,51.67052452286326,qui,91588,설정 가능한 분리형 엑스트라넷,2023-11-23,ACTIVE,UNDECIDED,118,2023-11-07 14:45:38.815801,2023-11-07 14:45:38.815801
soluta,송박,KOREAN,17,87,0,0,0,32276,61.88744302482111,ipsum,84686,비즈니스 중점적 상황에 맞는 분석,2023-12-01,ACTIVE,UNDECIDED,116,2023-11-07 14:45:38.815801,2023-11-07 14:45:38.815801
aspernatur,주식회사 구김홍,CAFE_DESSERT,15,44,0,0,0,35085,64.74081964906638,nihil,99506,조절 가능한 휴대형 환경,2023-11-30,ACTIVE,UNDECIDED,72,2023-11-07 14:45:38.815801,2023-11-07 14:45:38.815801
beatae,(유) 남류이,CHINESE,7,58,0,0,0,17135,79.4827276537149,ipsum,83515,모니터링되는 휴리스틱 모델,2023-12-01,ACTIVE,UNDECIDED,62,2023-11-07 14:45:38.815801,2023-11-07 14:45:38.815801
voluptatum,김이,CHICKEN_BURGER,13,125,0,0,0,35372,45.51280076404079,quos,64918,낮은 필수 안내 창구,2023-12-05,ACTIVE,UNDECIDED,90,2023-11-07 14:45:38.815801,2023-11-07 14:45:38.815801
dolore,(유) 박,CHICKEN_BURGER,12,78,0,0,0,24921,73.07002377350335,laborum,92540,더 커진 결정 시너지,2023-12-07,ACTIVE,UNDECIDED,109,2023-11-07 14:45:38.815801,2023-11-07 14:45:38.815801
ex,(주) 이,CHICKEN_BURGER,5,116,0,0,0,29598,66.80982764614194,cupiditate,89177,줄어든 물류 그래픽 인터페이스,2023-11-25,ACTIVE,UNDECIDED,126,2023-11-07 14:45:38.815801,2023-11-07 14:45:38.815801
iure,(주) 이,CHICKEN_BURGER,18,53,0,0,0,49163,12.667424592318897,ducimus,56294,융합된 3세대 알고리즘,2023-11-16,ACTIVE,UNDECIDED,141,2023-11-07 14:45:38.815801,2023-11-07 14:45:38.815801
fugiat,(유) 박,ASIAN,14,59,0,0,0,43605,49.69659914171012,debitis,86684,멀티 레이어 국가적 솔루션,2023-11-18,ACTIVE,UNDECIDED,117,2023-11-07 14:45:38.815801,2023-11-07 14:45:38.815801
velit,유한회사 이,CHICKEN_BURGER,17,147,0,0,0,38688,41.89246019825774,dolorum,66580,최적화된 고단계 LAN,2023-11-27,ACTIVE,UNDECIDED,86,2023-11-07 14:45:38.815801,2023-11-07 14:45:38.815801
ut,박안,CHICKEN_BURGER,17,93,0,0,0,33459,38.409572020248504,reiciendis,54325,단체 기반의 객체 지향적 마이그레이션,2023-11-12,ACTIVE,UNDECIDED,98,2023-11-07 14:45:38.815801,2023-11-07 14:45:38.815801
tempora,이문고,WESTERN,10,102,0,0,0,28359,67.24910497748007,distinctio,86590,적응된 6세대 펌웨어,2023-11-21,ACTIVE,UNDECIDED,75,2023-11-07 14:45:38.815801,2023-11-07 14:45:38.815801
facilis,고허배,KOREAN,10,195,0,0,0,43924,36.78362741429435,unde,69482,중심이 환경 친화적 계층,2023-11-27,ACTIVE,UNDECIDED,134,2023-11-07 14:45:38.815801,2023-11-07 14:45:38.815801
itaque,홍민,ASIAN,7,149,0,0,0,18526,67.78983239446414,velit,57516,조직화된 24시간 인트라넷,2023-11-27,ACTIVE,UNDECIDED,58,2023-11-07 14:45:38.815801,2023-11-07 14:45:38.815801
vel,주식회사 권,WESTERN,9,132,0,0,0,18413,74.42496805378076,blanditiis,71996,올바른 사이즈의 정적 엑스트라넷,2023-11-11,ACTIVE,UNDECIDED,147,2023-11-07 14:45:38.815801,2023-11-07 14:45:38.815801
nemo,김강,JAPANESE_SUSHI,17,92,0,0,0,43521,53.881612410986776,repellendus,94368,낮은 교훈적 능력,2023-11-26,ACTIVE,UNDECIDED,86,2023-11-07 14:45:38.816799,2023-11-07 14:45:38.816799
dolores,이남,CHICKEN_BURGER,15,110,0,0,0,11381,84.8873957614065,cumque,75308,객체 기반의 실시간 보안구역,2023-12-03,ACTIVE,UNDECIDED,133,2023-11-07 14:45:38.816799,2023-11-07 14:45:38.816799
a,김윤,WESTERN,20,137,0,0,0,41847,48.02066901014819,eum,80507,자가 이용 가능한 다이나믹 보안구역,2023-11-21,ACTIVE,UNDECIDED,53,2023-11-07 14:45:38.816799,2023-11-07 14:45:38.816799
a,이김박,KOREAN,17,143,0,0,0,26552,72.13704811375203,tempora,95295,중심이 물류 시너지,2023-11-22,ACTIVE,UNDECIDED,64,2023-11-07 14:45:38.816799,2023-11-07 14:45:38.816799
at,이황,KOREAN,19,189,0,0,0,28593,60.00979020979022,inventore,71500,더 커진 그리드 가능 고객 만족,2023-12-05,ACTIVE,UNDECIDED,122,2023-11-07 14:45:38.816799,2023-11-07 14:45:38.816799
aliquid,강하,CAFE_DESSERT,18,93,0,0,0,43497,35.593396016880135,molestiae,67535,객체 기반의 교훈적 계층,2023-11-30,ACTIVE,UNDECIDED,67,2023-11-07 14:45:38.816799,2023-11-07 14:45:38.816799
deleniti,유한회사 박박김,WESTERN,9,197,0,0,0,48741,38.0051131377113,quaerat,78621,수익에 중점을 둔 필수 연합,2023-12-05,ACTIVE,UNDECIDED,52,2023-11-07 14:45:38.816799,2023-11-07 14:45:38.816799
aut,김김,CAFE_DESSERT,16,106,0,0,0,25168,65.7755174195654,ullam,73538,안전한 24/7 설치과정,2023-11-08,ACTIVE,UNDECIDED,64,2023-11-07 14:45:38.816799,2023-11-07 14:45:38.816799
ducimus,김최노,WESTERN,18,53,0,0,0,26828,51.901321333165995,fuga,55777,멀티 레이어 최대화 정책,2023-11-16,ACTIVE,UNDECIDED,109,2023-11-07 14:45:38.816799,2023-11-07 14:45:38.816799
modi,(주) 김,CHINESE,9,39,0,0,0,24516,64.70486610999137,provident,69460,무결점의 하이브리드 펌웨어,2023-12-02,ACTIVE,UNDECIDED,107,2023-11-07 14:45:38.816799,2023-11-07 14:45:38.816799
possimus,이윤,CHINESE,8,129,0,0,0,27266,68.41654117919612,quas,86330,공개 아키텍쳐 6세대 생산 능력,2023-11-22,ACTIVE,UNDECIDED,108,2023-11-07 14:45:38.816799,2023-11-07 14:45:38.816799
a,(유) 박이김,SNACKS_LATE_NIGHT,16,72,0,0,0,21254,78.21398552655856,necessitatibus,97558,무결점의 국가적 정의,2023-11-26,ACTIVE,UNDECIDED,102,2023-11-07 14:45:38.816799,2023-11-07 14:45:38.816799
illo,(주) 김박김,CHICKEN_BURGER,10,39,0,0,0,46840,52.5464252788556,facilis,98707,강화된 주파수 탐지 가능 접근,2023-12-07,ACTIVE,UNDECIDED,122,2023-11-07 14:45:38.816799,2023-11-07 14:45:38.816799
ipsam,유한회사 이,KOREAN,15,191,0,0,0,49426,22.22379581110639,accusamus,63549,출판된 안정적 안내 창구,2023-12-07,ACTIVE,UNDECIDED,104,2023-11-07 14:45:38.816799,2023-11-07 14:45:38.816799
accusamus,유한회사 류김김,WESTERN,6,169,0,0,0,15793,74.97266374023422,quaerat,63103,안전한 근본적 에뮬레이션,2023-11-09,ACTIVE,UNDECIDED,77,2023-11-07 14:45:38.816799,2023-11-07 14:45:38.816799
repudiandae,(유) 이최김,CHICKEN_BURGER,14,90,0,0,0,15090,74.53293504126374,vero,59253,선택적 24시간 구조체,2023-11-25,ACTIVE,UNDECIDED,98,2023-11-07 14:45:38.816799,2023-11-07 14:45:38.816799
enim,유한회사 최최이,CHICKEN_BURGER,19,171,0,0,0,34811,46.599067313002394,doloremque,65188,다용도 인간자원 GUI,2023-11-16,ACTIVE,UNDECIDED,126,2023-11-07 14:45:38.816799,2023-11-07 14:45:38.816799
placeat,주식회사 장최홍,SNACKS_LATE_NIGHT,11,189,0,0,0,24374,68.80726900435117,mollitia,78140,원활한 5세대 미들웨어,2023-11-19,ACTIVE,UNDECIDED,138,2023-11-07 14:45:38.816799,2023-11-07 14:45:38.816799
odit,(유) 이,CAFE_DESSERT,10,67,0,0,0,15992,71.95566778900113,beatae,57024,비전 있는 비대칭 포탈,2023-11-11,ACTIVE,UNDECIDED,132,2023-11-07 14:45:38.817794,2023-11-07 14:45:38.817794
voluptatem,유한회사 이김윤,CHINESE,6,68,0,0,0,39875,45.51181317555103,tempora,73181,설정 가능한 정적 관리자,2023-11-14,ACTIVE,UNDECIDED,98,2023-11-07 14:45:38.817794,2023-11-07 14:45:38.817794
nihil,이김,SNACKS_LATE_NIGHT,13,123,0,0,0,28422,62.3918278773123,tempore,75574,자가 이용 가능한 작동 구조체,2023-12-07,ACTIVE,UNDECIDED,112,2023-11-07 14:45:38.817794,2023-11-07 14:45:38.817794
reiciendis,(주) 박박김,WESTERN,19,55,0,0,0,41616,58.345261092816315,rerum,99907,모니터링되는 안정적 마이그레이션,2023-11-10,ACTIVE,UNDECIDED,131,2023-11-07 14:45:38.817794,2023-11-07 14:45:38.817794
consequuntur,박우이,CHINESE,6,157,0,0,0,15960,82.49020834019024,cumque,91149,강력한 실행 설치과정,2023-11-20,ACTIVE,UNDECIDED,86,2023-11-07 14:45:38.817794,2023-11-07 14:45:38.817794
praesentium,(주) 최,CHICKEN_BURGER,13,165,0,0,0,23698,68.61441474849681,sit,75506,유저 친화적 비동기 예산 관리,2023-11-08,ACTIVE,UNDECIDED,116,2023-11-07 14:45:38.817794,2023-11-07 14:45:38.817794
atque,(주) 김황이,ASIAN,8,66,0,0,0,47106,51.650449562754034,esse,97428,유저 친화적 역수 인공지능,2023-11-27,ACTIVE,UNDECIDED,116,2023-11-07 14:45:38.817794,2023-11-07 14:45:38.817794
sed,(유) 김,JAPANESE_SUSHI,14,169,0,0,0,37937,54.87665627899232,molestiae,84074,더 커진 컨텐츠 기반 축적,2023-11-24,ACTIVE,UNDECIDED,135,2023-11-07 14:45:38.817794,2023-11-07 14:45:38.817794
quidem,(유) 김,WESTERN,7,92,0,0,0,23093,75.93501526661873,incidunt,95961,다중 주파수 해답 기반 솔루션,2023-11-21,ACTIVE,UNDECIDED,90,2023-11-07 14:45:38.817794,2023-11-07 14:45:38.817794
itaque,유한회사 윤우김,CHINESE,12,126,0,0,0,21808,77.8628201354136,voluptatum,98513,안정적인 교훈적 분석,2023-12-05,ACTIVE,UNDECIDED,125,2023-11-07 14:45:38.817794,2023-11-07 14:45:38.817794
veritatis,주식회사 이,CHICKEN_BURGER,11,108,0,0,0,19089,77.73747740393026,doloribus,85745,올바른 사이즈의 수요 중심 태도,2023-11-20,ACTIVE,UNDECIDED,58,2023-11-07 14:45:38.817794,2023-11-07 14:45:38.817794
mollitia,박박,CHICKEN_BURGER,15,141,0,0,0,20447,72.19797402950574,ea,73545,공개 키 해답 기반 인코딩,2023-11-11,ACTIVE,UNDECIDED,103,2023-11-07 14:45:38.817794,2023-11-07 14:45:38.817794
magni,박김,CHINESE,5,70,0,0,0,25777,53.940855892075405,rem,55965,모니터링되는 컨텐츠 기반 프로토콜,2023-12-06,ACTIVE,UNDECIDED,138,2023-11-07 14:45:38.817794,2023-11-07 14:45:38.817794
maxime,(유) 최곽오,CHINESE,19,61,0,0,0,28270,46.377086494688925,beatae,52720,다양한 컨텐츠 기반 공개 시스템,2023-11-15,ACTIVE,UNDECIDED,148,2023-11-07 14:45:38.817794,2023-11-07 14:45:38.817794
repudiandae,안손박,ASIAN,20,197,0,0,0,18072,78.0511799069677,tempora,82337,최적화된 클라이언트 단 엑스트라넷,2023-12-01,ACTIVE,UNDECIDED,123,2023-11-07 14:45:38.817794,2023-11-07 14:45:38.817794
ea,주식회사 윤류박,CHICKEN_BURGER,17,74,0,0,0,21820,57.91706846673096,quia,51850,멀티 채널 주파수 탐지 가능 아카이브,2023-11-14,ACTIVE,UNDECIDED,139,2023-11-07 14:45:38.817794,2023-11-07 14:45:38.817794
accusantium,김김허,ASIAN,16,116,0,0,0,14237,81.42305383752185,ea,76638,인체 공학적인 글로벌 융합,2023-11-18,ACTIVE,UNDECIDED,109,2023-11-07 14:45:38.817794,2023-11-07 14:45:38.817794
voluptatibus,김박,CAFE_DESSERT,11,199,0,0,0,27082,68.91984943077489,quibusdam,87136,낮은 잘 모듈화된 LAN,2023-12-05,ACTIVE,UNDECIDED,88,2023-11-07 14:45:38.817794,2023-11-07 14:45:38.817794
ratione,주식회사 이,CHICKEN_BURGER,12,46,0,0,0,32165,48.09920289153516,blanditiis,61974,더 작아진 지역적 인코딩,2023-11-08,ACTIVE,UNDECIDED,119,2023-11-07 14:45:38.817794,2023-11-07 14:45:38.817794
velit,김오,CHICKEN_BURGER,18,139,0,0,0,29422,61.4183243944977,esse,76259,독보적인 그리드 가능 GUI,2023-11-23,ACTIVE,UNDECIDED,110,2023-11-07 14:45:38.818794,2023-11-07 14:45:38.818794
assumenda,김박,CAFE_DESSERT,11,138,0,0,0,27746,49.51968561240084,vel,54964,비즈니스 중점적 안정적 접근,2023-11-20,ACTIVE,UNDECIDED,96,2023-11-07 14:45:38.818794,2023-11-07 14:45:38.818794
corporis,이김,ASIAN,18,39,0,0,0,20439,76.81969741647198,officiis,88174,트리플 버퍼 범국가적 공구,2023-11-08,ACTIVE,UNDECIDED,121,2023-11-07 14:45:38.818794,2023-11-07 14:45:38.818794
pariatur,(주) 문,KOREAN,16,102,0,0,0,25814,71.41370069322939,autem,90302,효율적인 다중 상태 구조체,2023-11-17,ACTIVE,UNDECIDED,69,2023-11-07 14:45:38.818794,2023-11-07 14:45:38.818794
molestias,김이,SNACKS_LATE_NIGHT,8,80,0,0,0,46180,39.18402823504623,debitis,75934,단체 기반의 실시간 에뮬레이션,2023-12-06,ACTIVE,UNDECIDED,84,2023-11-07 14:45:38.818794,2023-11-07 14:45:38.818794
repellat,(유) 김한황,KOREAN,5,128,0,0,0,22583,60.059778571681235,adipisci,56542,효율적인 작동 환경,2023-11-13,ACTIVE,UNDECIDED,132,2023-11-07 14:45:38.818794,2023-11-07 14:45:38.818794
explicabo,주식회사 장,CHICKEN_BURGER,13,93,0,0,0,40473,57.21579737415168,quia,94598,함수 기반의 합성물 안내 창구,2023-11-12,ACTIVE,UNDECIDED,125,2023-11-07 14:45:38.818794,2023-11-07 14:45:38.818794
magni,심김,CHICKEN_BURGER,19,150,0,0,0,35915,44.637984986049666,debitis,64873,낮은 4세대 공개 시스템,2023-11-09,ACTIVE,UNDECIDED,54,2023-11-07 14:45:38.818794,2023-11-07 14:45:38.818794
maxime,문김,SNACKS_LATE_NIGHT,11,160,0,0,0,27453,48.41891663378615,aliquam,53223,수익에 중점을 둔 분리형 알고리즘,2023-11-25,ACTIVE,UNDECIDED,108,2023-11-07 14:45:38.818794,2023-11-07 14:45:38.818794
sed,김손조,KOREAN,7,174,0,0,0,36642,56.779900920028304,delectus,84780,다중 주파수 보조 정책,2023-11-16,ACTIVE,UNDECIDED,71,2023-11-07 14:45:38.818794,2023-11-07 14:45:38.818794
animi,이황김,KOREAN,17,65,0,0,0,24281,55.73199635369188,distinctio,54850,중심이 실시간 그룹웨어,2023-12-07,ACTIVE,UNDECIDED,80,2023-11-07 14:45:38.818794,2023-11-07 14:45:38.818794
numquam,(유) 배허임,CAFE_DESSERT,13,51,0,0,0,21069,71.07734124042501,quisquam,72846,조직화된 요약 아키텍쳐,2023-11-09,ACTIVE,UNDECIDED,69,2023-11-07 14:45:38.818794,2023-11-07 14:45:38.818794
maxime,(주) 장최김,SNACKS_LATE_NIGHT,6,57,0,0,0,49106,23.543058215392282,eaque,64227,원활한 실시간 모니터링,2023-11-11,ACTIVE,UNDECIDED,52,2023-11-07 14:45:38.818794,2023-11-07 14:45:38.818794
illo,강정이,ASIAN,14,123,0,0,0,11448,87.6610008730424,architecto,92779,프로그래밍 가능한 국가적 그룹웨어,2023-11-10,ACTIVE,UNDECIDED,82,2023-11-07 14:45:38.818794,2023-11-07 14:45:38.818794
enim,(유) 박박박,CAFE_DESSERT,10,62,0,0,0,41238,43.72313277017345,cumque,73277,자동화된 실시간 엑스트라넷,2023-11-13,ACTIVE,UNDECIDED,125,2023-11-07 14:45:38.818794,2023-11-07 14:45:38.818794
corrupti,송김박,WESTERN,9,40,0,0,0,35604,61.3361423017614,quidem,92086,안정적인 로컬 예산 관리,2023-11-20,ACTIVE,UNDECIDED,109,2023-11-07 14:45:38.818794,2023-11-07 14:45:38.818794
accusantium,홍허,KOREAN,15,182,0,0,0,44687,51.054228414330936,corrupti,91299,반동적인 교훈적 펌웨어,2023-11-19,ACTIVE,UNDECIDED,125,2023-11-07 14:45:38.818794,2023-11-07 14:45:38.818794
quibusdam,유한회사 박곽서,JAPANESE_SUSHI,13,70,0,0,0,45820,45.16449454876195,quibusdam,83559,독보적인 최대화 생산 능력,2023-11-08,ACTIVE,UNDECIDED,93,2023-11-07 14:45:38.818794,2023-11-07 14:45:38.818794
sunt,이오김,CAFE_DESSERT,7,156,0,0,0,45965,27.768872964988372,aliquam,63636,최적화된 클라이언트 단 모니터링,2023-11-30,ACTIVE,UNDECIDED,95,2023-11-07 14:45:38.818794,2023-11-07 14:45:38.818794
dolores,주식회사 장,CHINESE,14,149,0,0,0,42078,57.27080710020716,labore,98476,비즈니스 중점적 실행 그룹웨어,2023-11-10,ACTIVE,UNDECIDED,112,2023-11-07 14:45:38.819794,2023-11-07 14:45:38.819794
incidunt,유한회사 강,ASIAN,14,58,0,0,0,44217,52.74699438952711,reprehenderit,93575,함수 기반의 최대화 축적,2023-11-17,ACTIVE,UNDECIDED,65,2023-11-07 14:45:38.819794,2023-11-07 14:45:38.819794
minima,김김김,CHICKEN_BURGER,17,164,0,0,0,37594,56.679956673042796,vel,86782,비전 있는 확장 웹 사이트,2023-12-03,ACTIVE,UNDECIDED,110,2023-11-07 14:45:38.819794,2023-11-07 14:45:38.819794
distinctio,주식회사 박고이,KOREAN,17,152,0,0,0,31507,58.81384070380005,praesentium,76499,단체 기반의 스며든 융합,2023-12-01,ACTIVE,UNDECIDED,148,2023-11-07 14:45:38.819794,2023-11-07 14:45:38.819794
maiores,(유) 김백한,SNACKS_LATE_NIGHT,11,32,0,0,0,31552,66.01172009651845,repudiandae,92832,동기화 주파수 탐지 가능 안내 창구,2023-11-15,ACTIVE,UNDECIDED,70,2023-11-07 14:45:38.819794,2023-11-07 14:45:38.819794
animi,유한회사 김,JAPANESE_SUSHI,17,46,0,0,0,16835,67.97725024727993,quas,52572,확대된 비대칭 모니터링,2023-11-16,ACTIVE,UNDECIDED,63,2023-11-07 14:45:38.819794,2023-11-07 14:45:38.819794
officiis,박김,CHICKEN_BURGER,13,192,0,0,0,27493,69.63978090905076,dolore,90556,더 작아진 취약점 인트라넷,2023-11-30,ACTIVE,UNDECIDED,98,2023-11-07 14:45:38.819794,2023-11-07 14:45:38.819794
corporis,(주) 전,JAPANESE_SUSHI,13,67,0,0,0,19773,78.2955181611618,commodi,91101,최적화된 최대화 엔진,2023-11-29,ACTIVE,UNDECIDED,103,2023-11-07 14:45:38.819794,2023-11-07 14:45:38.819794
aspernatur,유한회사 김배송,WESTERN,15,38,0,0,0,37035,29.979959162066095,deleniti,52892,멀티 채널 물류 환경,2023-11-29,ACTIVE,UNDECIDED,54,2023-11-07 14:45:38.819794,2023-11-07 14:45:38.819794
dolores,(유) 김이고,CHINESE,17,60,0,0,0,46742,20.22596555902582,magni,58593,크로스 플랫폼 글로벌 벤치마크,2023-12-07,ACTIVE,UNDECIDED,96,2023-11-07 14:45:38.819794,2023-11-07 14:45:38.819794
ducimus,유한회사 권,WESTERN,9,120,0,0,0,22374,65.89537223340041,ut,65604,품질 중심의 클라이언트-서버 생산 능력,2023-11-14,ACTIVE,UNDECIDED,67,2023-11-07 14:45:38.819794,2023-11-07 14:45:38.819794
quibusdam,서안,CHINESE,19,68,0,0,0,27079,63.394884827511625,qui,73976,크로스 그룹 지역적 정의,2023-11-28,ACTIVE,UNDECIDED,67,2023-11-07 14:45:38.819794,2023-11-07 14:45:38.819794
doloremque,유한회사 문이오,CHICKEN_BURGER,17,162,0,0,0,47062,19.638679712446425,atque,58563,크로스 플랫폼 24/7 웹 사이트,2023-12-01,ACTIVE,UNDECIDED,139,2023-11-07 14:45:38.819794,2023-11-07 14:45:38.819794
voluptates,김김,CHICKEN_BURGER,19,178,0,0,0,39034,42.416687565462404,impedit,67787,원활한 분리된 미들웨어,2023-11-25,ACTIVE,UNDECIDED,73,2023-11-07 14:45:38.819794,2023-11-07 14:45:38.819794
vitae,(주) 장,CHICKEN_BURGER,6,48,0,0,0,23868,53.9414523069798,cum,51821,융합력있는 선구적 하드웨어,2023-11-21,ACTIVE,UNDECIDED,92,2023-11-07 14:45:38.819794,2023-11-07 14:45:38.819794
ea,윤이,CAFE_DESSERT,7,196,0,0,0,18254,72.8653823284576,distinctio,67272,함수 기반의 백그라운드 엑스트라넷,2023-11-30,ACTIVE,UNDECIDED,124,2023-11-07 14:45:38.819794,2023-11-07 14:45:38.819794
libero,안김황,ASIAN,9,53,0,0,0,49957,46.2567909203378,recusandae,92955,비전 있는 휴리스틱 안내 창구,2023-11-12,ACTIVE,UNDECIDED,121,2023-11-07 14:45:38.819794,2023-11-07 14:45:38.819794
quas,유한회사 윤,WESTERN,12,175,0,0,0,20349,73.13911585728052,suscipit,75757,인체 공학적인 확장 솔루션,2023-11-16,ACTIVE,UNDECIDED,86,2023-11-07 14:45:38.819794,2023-11-07 14:45:38.819794
ea,김박오,KOREAN,14,196,0,0,0,11132,88.0304936399901,eos,93003,미래가 보장된 컨텐츠 기반 접근,2023-11-16,ACTIVE,UNDECIDED,84,2023-11-07 14:45:38.819794,2023-11-07 14:45:38.819794
quas,주식회사 이,KOREAN,6,88,0,0,0,29251,50.96803392728431,reiciendis,59657,강화된 클라이언트 단 프로토콜,2023-11-27,ACTIVE,UNDECIDED,127,2023-11-07 14:45:38.819794,2023-11-07 14:45:38.819794
deleniti,유한회사 김,CHINESE,20,64,0,0,0,38040,59.06023655520518,neque,92917,비즈니스 중점적 고단계 엑스트라넷,2023-11-22,ACTIVE,UNDECIDED,141,2023-11-07 14:45:38.820794,2023-11-07 14:45:38.820794
asperiores,오한,CHICKEN_BURGER,9,115,0,0,0,16331,68.80181866809308,maiores,52346,강화된 정적 유연성,2023-11-12,ACTIVE,UNDECIDED,118,2023-11-07 14:45:38.820794,2023-11-07 14:45:38.820794
assumenda,유한회사 박이윤,ASIAN,9,91,0,0,0,24423,53.3208463140995,dolor,52321,올바른 사이즈의 가치추가 어플리케이션,2023-11-10,ACTIVE,UNDECIDED,104,2023-11-07 14:45:38.820794,2023-11-07 14:45:38.820794
asperiores,(주) 김유홍,CHICKEN_BURGER,17,195,0,0,0,35285,46.52815663453961,laudantium,65988,1:1 헌신적 계층,2023-11-27,ACTIVE,UNDECIDED,120,2023-11-07 14:45:38.820794,2023-11-07 14:45:38.820794
harum,유한회사 김,WESTERN,13,35,0,0,0,16576,80.29715915844527,at,84130,1:1 중립형 웹 사이트,2023-12-01,ACTIVE,UNDECIDED,73,2023-11-07 14:45:38.820794,2023-11-07 14:45:38.820794
deserunt,우주,SNACKS_LATE_NIGHT,19,156,0,0,0,41315,34.50484297966107,soluta,63081,가상 필수 도전,2023-11-25,ACTIVE,UNDECIDED,114,2023-11-07 14:45:38.820794,2023-11-07 14:45:38.820794
maxime,(유) 권서최,JAPANESE_SUSHI,11,142,0,0,0,41443,46.45122943935498,natus,77393,특별한 분리된 엔진,2023-11-26,ACTIVE,UNDECIDED,110,2023-11-07 14:45:38.820794,2023-11-07 14:45:38.820794
ad,박김김,ASIAN,8,75,0,0,0,40388,25.920763022743948,quisquam,54520,조직화된 근본적 공구,2023-11-28,ACTIVE,UNDECIDED,122,2023-11-07 14:45:38.820794,2023-11-07 14:45:38.820794
corrupti,(주) 김,CAFE_DESSERT,7,83,0,0,0,28657,69.49468283284189,nihil,93941,1:1 취약점 지식 기반,2023-11-25,ACTIVE,UNDECIDED,71,2023-11-07 14:45:38.820794,2023-11-07 14:45:38.820794
ea,주식회사 배최홍,CHICKEN_BURGER,13,43,0,0,0,35600,46.16094248597311,voluptas,66123,강화된 교훈적 마이그레이션,2023-11-12,ACTIVE,UNDECIDED,145,2023-11-07 14:45:38.820794,2023-11-07 14:45:38.820794
hic,이하이,WESTERN,13,143,0,0,0,19501,65.03944065973467,veniam,55780,더 커진 다중 상태 소프트웨어,2023-11-18,ACTIVE,UNDECIDED,96,2023-11-07 14:45:38.820794,2023-11-07 14:45:38.820794
praesentium,노김,CHINESE,18,99,0,0,0,11102,78.34263196909991,tempore,51262,융합된 5세대 유연성,2023-11-24,ACTIVE,UNDECIDED,85,2023-11-07 14:45:38.820794,2023-11-07 14:45:38.820794
itaque,곽서지,CHINESE,5,152,0,0,0,43924,29.79124708289377,iusto,62562,트리플 버퍼 휴대형 솔루션,2023-11-08,ACTIVE,UNDECIDED,112,2023-11-07 14:45:38.820794,2023-11-07 14:45:38.820794
cumque,박김,CHICKEN_BURGER,10,154,0,0,0,34458,54.996277769796386,ex,76567,중심이 컨텐츠 기반 정의,2023-11-25,ACTIVE,UNDECIDED,109,2023-11-07 14:45:38.820794,2023-11-07 14:45:38.820794
facilis,한노박,SNACKS_LATE_NIGHT,17,170,0,0,0,20032,77.21850087000034,tenetur,87931,융합력있는 비대칭 연합,2023-12-05,ACTIVE,UNDECIDED,91,2023-11-07 14:45:38.821767,2023-11-07 14:45:38.821767
magnam,김이,CAFE_DESSERT,6,176,0,0,0,41029,42.28664669226765,est,71091,멀티 레이어 5세대 제품,2023-11-08,ACTIVE,UNDECIDED,69,2023-11-07 14:45:38.821767,2023-11-07 14:45:38.821767
laudantium,윤이황,JAPANESE_SUSHI,5,74,0,0,0,23976,75.62919292539134,et,98380,더 작아진 5세대 프레임워크,2023-11-25,ACTIVE,UNDECIDED,74,2023-11-07 14:45:38.821767,2023-11-07 14:45:38.821767
alias,노권,CHINESE,19,66,0,0,0,16199,77.89377439340593,exercitationem,73278,적응된 수요 중심 솔루션,2023-12-06,ACTIVE,UNDECIDED,109,2023-11-07 14:45:38.821767,2023-11-07 14:45:38.821767
quibusdam,허송,CHICKEN_BURGER,15,199,0,0,0,42659,36.62214562688496,minus,67309,완벽히 설정된 분석중인 패러다임,2023-11-16,ACTIVE,UNDECIDED,131,2023-11-07 14:45:38.821767,2023-11-07 14:45:38.821767
quos,이최,SNACKS_LATE_NIGHT,11,72,0,0,0,45390,27.066763075439866,exercitationem,62235,융합된 로컬 컨셉,2023-12-07,ACTIVE,UNDECIDED,137,2023-11-07 14:45:38.821767,2023-11-07 14:45:38.821767
animi,(유) 김,JAPANESE_SUSHI,5,127,0,0,0,21049,77.79219683062185,natus,94782,진보적인 5세대 축적,2023-12-05,ACTIVE,UNDECIDED,118,2023-11-07 14:45:38.821767,2023-11-07 14:45:38.821767
corporis,유한회사 이윤김,KOREAN,17,34,0,0,0,44227,18.02680110466517,voluptatibus,53953,동기화 근본적 구조체,2023-11-24,ACTIVE,UNDECIDED,55,2023-11-07 14:45:38.821767,2023-11-07 14:45:38.821767
dolore,권주,CHICKEN_BURGER,10,113,0,0,0,28698,63.0370942812983,aperiam,77640,관리된 역수 LAN,2023-11-13,ACTIVE,UNDECIDED,64,2023-11-07 14:45:38.821767,2023-11-07 14:45:38.821767
quis,서노박,JAPANESE_SUSHI,10,77,0,0,0,17806,82.11171388386578,itaque,99540,특별한 4세대 벤치마크,2023-11-14,ACTIVE,UNDECIDED,120,2023-11-07 14:45:38.821767,2023-11-07 14:45:38.821767
illo,주식회사 최,KOREAN,19,61,0,0,0,16253,83.28155859117841,excepturi,97216,융합된 멀티미디어 제품,2023-11-16,ACTIVE,UNDECIDED,128,2023-11-07 14:45:38.821767,2023-11-07 14:45:38.821767
eum,(주) 안,ASIAN,20,68,0,0,0,47336,46.774012188814176,asperiores,88934,공개 아키텍쳐 장거리 패러다임,2023-11-16,ACTIVE,UNDECIDED,103,2023-11-07 14:45:38.821767,2023-11-07 14:45:38.821767
at,주식회사 황,ASIAN,8,73,0,0,0,38585,39.73071335967885,dolorum,64021,품질 중심의 국가적 연합,2023-11-22,ACTIVE,UNDECIDED,109,2023-11-07 14:45:38.821767,2023-11-07 14:45:38.821767
fugiat,(유) 최김황,WESTERN,9,199,0,0,0,12699,85.31873569331083,dolorem,86498,비전 있는 필수 인트라넷,2023-11-28,ACTIVE,UNDECIDED,126,2023-11-07 14:45:38.821767,2023-11-07 14:45:38.821767
id,장김,CHINESE,13,126,0,0,0,13134,84.9811320754717,recusandae,87450,복제된 범국가적 GUI,2023-11-22,ACTIVE,UNDECIDED,56,2023-11-07 14:45:38.821767,2023-11-07 14:45:38.821767
officiis,(주) 박하조,CAFE_DESSERT,6,91,0,0,0,19426,65.70934317134737,possimus,56651,설정 가능한 최대화 전략,2023-11-22,ACTIVE,UNDECIDED,101,2023-11-07 14:45:38.821767,2023-11-07 14:45:38.821767
quos,한고이,WESTERN,18,33,0,0,0,40068,41.36790658198952,doloribus,68338,숙련된 무해한 정의,2023-12-03,ACTIVE,UNDECIDED,97,2023-11-07 14:45:38.822794,2023-11-07 14:45:38.822794
quae,김최이,ASIAN,7,151,0,0,0,28416,66.82931384680036,nemo,85666,멀티 레이어 멀티 태스킹 고객 만족,2023-11-09,ACTIVE,UNDECIDED,71,2023-11-07 14:45:38.822794,2023-11-07 14:45:38.822794
voluptas,(주) 강,ASIAN,11,120,0,0,0,44436,34.642368618452984,exercitationem,67989,미래가 보장된 그리드 가능 데이터베이스,2023-12-06,ACTIVE,UNDECIDED,65,2023-11-07 14:45:38.822794,2023-11-07 14:45:38.822794
culpa,홍박,CAFE_DESSERT,8,111,0,0,0,25699,64.7582348262527,eos,72922,업그레이드 가능한 클라이언트-서버 프로젝트,2023-12-05,ACTIVE,UNDECIDED,54,2023-11-07 14:45:38.822794,2023-11-07 14:45:38.822794
fuga,안박류,CHICKEN_BURGER,6,128,0,0,0,43923,28.06112421383648,voluptate,61056,숙련된 글로벌 정책,2023-11-28,ACTIVE,UNDECIDED,140,2023-11-07 14:45:38.822794,2023-11-07 14:45:38.822794
eligendi,김박이,SNACKS_LATE_NIGHT,15,78,0,0,0,39356,37.326220240465005,blanditiis,62795,최전방 실행 우연성,2023-11-20,ACTIVE,UNDECIDED,55,2023-11-07 14:45:38.822794,2023-11-07 14:45:38.822794
necessitatibus,주식회사 최,KOREAN,7,84,0,0,0,22797,72.43043210100497,autem,82689,조절 가능한 결정 펌웨어,2023-11-09,ACTIVE,UNDECIDED,96,2023-11-07 14:45:38.822794,2023-11-07 14:45:38.822794
nam,서김,KOREAN,17,58,0,0,0,32016,36.91055628904172,sapiente,50747,함수 기반의 요약 예산 관리,2023-11-17,ACTIVE,UNDECIDED,64,2023-11-07 14:45:38.822794,2023-11-07 14:45:38.822794
consequatur,주식회사 전이김,CHICKEN_BURGER,12,119,0,0,0,26696,68.498064759747,temporibus,84744,관리된 수요 중심 정의,2023-12-01,ACTIVE,UNDECIDED,111,2023-11-07 14:45:38.822794,2023-11-07 14:45:38.822794
quam,유한회사 박,CHICKEN_BURGER,6,166,0,0,0,30678,52.32337674447518,quia,64346,확장된 상황에 맞는 GUI,2023-12-06,ACTIVE,UNDECIDED,61,2023-11-07 14:45:38.822794,2023-11-07 14:45:38.822794
non,박차,SNACKS_LATE_NIGHT,18,156,0,0,0,34788,49.28567263397283,neque,68596,특별한 하이브리드 벤치마크,2023-12-06,ACTIVE,UNDECIDED,103,2023-11-07 14:45:38.822794,2023-11-07 14:45:38.822794
explicabo,김최박,KOREAN,16,102,0,0,0,44391,31.27477086945752,enim,64592,객체 기반의 보조 웹 사이트,2023-11-26,ACTIVE,UNDECIDED,114,2023-11-07 14:45:38.822794,2023-11-07 14:45:38.822794
laboriosam,최이,CHINESE,13,71,0,0,0,40357,45.70417608438274,magni,74328,크로스 플랫폼 분리형 인공지능,2023-11-17,ACTIVE,UNDECIDED,58,2023-11-07 14:45:38.822794,2023-11-07 14:45:38.822794
hic,(주) 김박김,CHINESE,9,54,0,0,0,19130,80.23964466480736,sequi,96810,관리된 요약 설치과정,2023-11-27,ACTIVE,UNDECIDED,72,2023-11-07 14:45:38.822794,2023-11-07 14:45:38.822794
quia,한고오,CHICKEN_BURGER,9,44,0,0,0,25745,70.109484390057,dolorum,86131,최전방 다중 상태 우연성,2023-12-01,ACTIVE,UNDECIDED,90,2023-11-07 14:45:38.822794,2023-11-07 14:45:38.822794
illum,(유) 김이김,WESTERN,17,139,0,0,0,43572,53.22885358522971,soluta,93160,다용도 확장 보안구역,2023-11-11,ACTIVE,UNDECIDED,144,2023-11-07 14:45:38.822794,2023-11-07 14:45:38.822794
quo,유한회사 이,WESTERN,18,166,0,0,0,33100,65.29416082119678,beatae,95373,크로스 그룹 결정 마이그레이션,2023-11-09,ACTIVE,UNDECIDED,89,2023-11-07 14:45:38.822794,2023-11-07 14:45:38.822794
quis,(주) 최최김,JAPANESE_SUSHI,11,50,0,0,0,33609,58.129539423687845,dolorum,80269,확장된 하이브리드 컨셉,2023-11-11,ACTIVE,UNDECIDED,58,2023-11-07 14:45:38.822794,2023-11-07 14:45:38.822794
aperiam,주식회사 박이한,KOREAN,13,160,0,0,0,13590,82.12265516061986,esse,76018,강력한 밀착 시간화,2023-11-09,ACTIVE,UNDECIDED,135,2023-11-07 14:45:38.822794,2023-11-07 14:45:38.822794
minima,이이김,WESTERN,18,165,0,0,0,21544,76.81546209805863,placeat,92924,특별한 확장 배열,2023-11-30,ACTIVE,UNDECIDED,64,2023-11-07 14:45:38.823795,2023-11-07 14:45:38.823795
sequi,이김이,SNACKS_LATE_NIGHT,20,178,0,0,0,17379,69.3031882010068,quasi,56615,중심이 멀티미디어 유연성,2023-11-16,ACTIVE,UNDECIDED,104,2023-11-07 14:45:38.823795,2023-11-07 14:45:38.823795
exercitationem,(유) 송이김,KOREAN,7,178,0,0,0,37370,54.41181852561209,unde,81973,디지털화된 5세대 보안구역,2023-11-15,ACTIVE,UNDECIDED,142,2023-11-07 14:45:38.823795,2023-11-07 14:45:38.823795
excepturi,(주) 홍고이,KOREAN,20,200,0,0,0,47857,6.175622953712236,natus,51007,출판된 근본적 그래픽 인터페이스,2023-11-21,ACTIVE,UNDECIDED,52,2023-11-07 14:45:38.823795,2023-11-07 14:45:38.823795
porro,(유) 고류조,KOREAN,18,76,0,0,0,20156,63.96273980440185,asperiores,55931,프로그래밍 가능한 무관리 보안구역,2023-11-14,ACTIVE,UNDECIDED,146,2023-11-07 14:45:38.823795,2023-11-07 14:45:38.823795
consectetur,장이류,KOREAN,18,156,0,0,0,29976,69.04744695131396,itaque,96845,조절 가능한 분리된 프레임워크,2023-11-14,ACTIVE,UNDECIDED,149,2023-11-07 14:45:38.823795,2023-11-07 14:45:38.823795
saepe,김김양,JAPANESE_SUSHI,15,164,0,0,0,18258,77.1663686046948,at,79961,확대된 결정 성공,2023-11-18,ACTIVE,UNDECIDED,130,2023-11-07 14:45:38.823795,2023-11-07 14:45:38.823795
quam,(주) 고,WESTERN,15,49,0,0,0,34841,58.196150892685736,adipisci,83344,안정적인 헌신적 프레임,2023-12-05,ACTIVE,UNDECIDED,150,2023-11-07 14:45:38.823795,2023-11-07 14:45:38.823795
ipsum,김김,ASIAN,9,54,0,0,0,46088,52.50030918910006,voluptatem,97028,업그레이드 가능한 무관용 허브,2023-11-15,ACTIVE,UNDECIDED,113,2023-11-07 14:45:38.823795,2023-11-07 14:45:38.823795
explicabo,지민이,CHINESE,13,33,0,0,0,12434,84.86482538677834,atque,82153,조직화된 비대칭 전략,2023-11-10,ACTIVE,UNDECIDED,70,2023-11-07 14:45:38.823795,2023-11-07 14:45:38.823795
expedita,유한회사 박고나,KOREAN,10,113,0,0,0,10223,81.6063621151874,vel,55579,비즈니스 중점적 인간자원 안내 창구,2023-11-29,ACTIVE,UNDECIDED,128,2023-11-07 14:45:38.823795,2023-11-07 14:45:38.823795
velit,유한회사 이,JAPANESE_SUSHI,14,92,0,0,0,36872,52.28531497489518,impedit,77276,강화된 그리드 가능 펌웨어,2023-11-22,ACTIVE,UNDECIDED,73,2023-11-07 14:45:38.823795,2023-11-07 14:45:38.823795
totam,문성,JAPANESE_SUSHI,11,77,0,0,0,32403,54.07738095238095,quaerat,70560,조절 가능한 선구적 컨셉,2023-11-26,ACTIVE,UNDECIDED,93,2023-11-07 14:45:38.823795,2023-11-07 14:45:38.823795
occaecati,박홍권,WESTERN,10,37,0,0,0,42596,57.3707491843638,voluptatibus,99922,미래가 보장된 다이나믹 제품,2023-11-25,ACTIVE,UNDECIDED,102,2023-11-07 14:45:38.823795,2023-11-07 14:45:38.823795
aspernatur,김고장,CHICKEN_BURGER,20,127,0,0,0,24406,73.2249429524311,sed,91152,최적화된 다이나믹 암호화,2023-12-05,ACTIVE,UNDECIDED,84,2023-11-07 14:45:38.823795,2023-11-07 14:45:38.823795
provident,김이김,CHINESE,6,133,0,0,0,32864,63.891666208866674,illo,91015,공유 가능한 다음 세대 그룹웨어,2023-11-08,ACTIVE,UNDECIDED,62,2023-11-07 14:45:38.823795,2023-11-07 14:45:38.823795
rem,남오고,WESTERN,16,137,0,0,0,16757,82.36977495344408,cum,95047,완벽히 설정된 24시간 어플리케이션,2023-12-07,ACTIVE,UNDECIDED,82,2023-11-07 14:45:38.823795,2023-11-07 14:45:38.823795
ea,(주) 김이정,SNACKS_LATE_NIGHT,5,182,0,0,0,19105,77.96907252159274,illum,86719,1:1 비동기 관리자,2023-12-01,ACTIVE,UNDECIDED,146,2023-11-07 14:45:38.823795,2023-11-07 14:45:38.823795
suscipit,유한회사 최박김,SNACKS_LATE_NIGHT,18,43,0,0,0,18670,69.6674302610843,labore,61551,줄어든 인간자원 그래픽 인터페이스,2023-11-09,ACTIVE,UNDECIDED,84,2023-11-07 14:45:38.824794,2023-11-07 14:45:38.824794
quod,양박주,CAFE_DESSERT,18,41,0,0,0,15786,74.71488980010251,voluptas,62432,복제된 컨텐츠 기반 유연성,2023-12-01,ACTIVE,UNDECIDED,135,2023-11-07 14:45:38.824794,2023-11-07 14:45:38.824794
corporis,이이김,CHINESE,16,185,0,0,0,29784,68.21582165686661,debitis,93707,관리된 필수 엑스트라넷,2023-11-18,ACTIVE,UNDECIDED,98,2023-11-07 14:45:38.824794,2023-11-07 14:45:38.824794
culpa,김김,KOREAN,16,33,0,0,0,20268,71.96680497925311,a,72300,총 무관리 프레임워크,2023-11-18,ACTIVE,UNDECIDED,136,2023-11-07 14:45:38.824794,2023-11-07 14:45:38.824794
sapiente,(유) 이최류,CHICKEN_BURGER,5,189,0,0,0,31673,50.31374517616791,autem,63746,다중 주파수 환경 친화적 엑스트라넷,2023-11-11,ACTIVE,UNDECIDED,92,2023-11-07 14:45:38.824794,2023-11-07 14:45:38.824794
eius,(유) 김조장,CHICKEN_BURGER,5,47,0,0,0,33194,37.95166084079481,quibusdam,53497,올바른 사이즈의 무해한 성공,2023-11-17,ACTIVE,UNDECIDED,105,2023-11-07 14:45:38.824794,2023-11-07 14:45:38.824794
quaerat,박안,WESTERN,8,74,0,0,0,48676,17.488515586595017,tempora,58993,낮은 상황에 맞는 서비스 창구,2023-12-02,ACTIVE,UNDECIDED,82,2023-11-07 14:45:38.824794,2023-11-07 14:45:38.824794
fuga,주식회사 이전백,JAPANESE_SUSHI,11,138,0,0,0,15643,81.60966835565065,similique,85061,확대된 확장 알고리즘,2023-11-09,ACTIVE,UNDECIDED,147,2023-11-07 14:45:38.824794,2023-11-07 14:45:38.824794
eius,(주) 구,CHINESE,15,194,0,0,0,38429,59.645696163983665,quia,95229,공개 아키텍쳐 비대칭 컨셉,2023-11-19,ACTIVE,UNDECIDED,60,2023-11-07 14:45:38.824794,2023-11-07 14:45:38.824794
architecto,(유) 이박박,ASIAN,7,121,0,0,0,43936,17.46007890287432,porro,53230,관리된 객체 지향적 정책,2023-11-10,ACTIVE,UNDECIDED,88,2023-11-07 14:45:38.824794,2023-11-07 14:45:38.824794
nihil,이김박,WESTERN,8,50,0,0,0,40536,51.13730879108957,earum,82959,확대된 방향 회로,2023-11-15,ACTIVE,UNDECIDED,142,2023-11-07 14:45:38.824794,2023-11-07 14:45:38.824794
soluta,이김허,CHINESE,14,178,0,0,0,33438,64.43787422761548,quis,94027,공유 가능한 다이나믹 유연성,2023-11-17,ACTIVE,UNDECIDED,123,2023-11-07 14:45:38.824794,2023-11-07 14:45:38.824794
omnis,김강이,ASIAN,16,185,0,0,0,17690,69.5,quisquam,58000,총 무해한 환경,2023-11-18,ACTIVE,UNDECIDED,94,2023-11-07 14:45:38.824794,2023-11-07 14:45:38.824794
deserunt,박박,CHICKEN_BURGER,9,127,0,0,0,20638,70.75776467921106,necessitatibus,70576,다용도 밀착 데이터베이스,2023-11-17,ACTIVE,UNDECIDED,126,2023-11-07 14:45:38.824794,2023-11-07 14:45:38.824794
corporis,구김김,SNACKS_LATE_NIGHT,18,102,0,0,0,16022,70.24256156903532,nesciunt,53842,공개 아키텍쳐 객체 지향적 예산 관리,2023-12-06,ACTIVE,UNDECIDED,110,2023-11-07 14:45:38.824794,2023-11-07 14:45:38.824794
omnis,박서김,WESTERN,14,178,0,0,0,41040,55.45763374105951,vero,92137,트리플 버퍼 인간자원 어댑터,2023-12-01,ACTIVE,UNDECIDED,93,2023-11-07 14:45:38.824794,2023-11-07 14:45:38.824794
eum,(유) 백김정,CHICKEN_BURGER,13,88,0,0,0,16627,68.44911668153097,libero,52699,특별한 합성물 시너지,2023-11-18,ACTIVE,UNDECIDED,146,2023-11-07 14:45:38.824794,2023-11-07 14:45:38.824794
quis,김김이,CAFE_DESSERT,17,174,0,0,0,26266,66.10532564231607,eveniet,77493,단체 기반의 역수 그룹웨어,2023-11-21,ACTIVE,UNDECIDED,115,2023-11-07 14:45:38.824794,2023-11-07 14:45:38.824794
temporibus,주식회사 김강황,WESTERN,20,149,0,0,0,15784,76.54087956839022,impedit,67283,조절 가능한 백그라운드 패러다임,2023-11-27,ACTIVE,UNDECIDED,82,2023-11-07 14:45:38.824794,2023-11-07 14:45:38.824794
cumque,주식회사 이이박,CAFE_DESSERT,6,30,0,0,0,38914,57.92762695555339,doloremque,92493,출판된 수요 중심 예보,2023-11-19,ACTIVE,UNDECIDED,81,2023-11-07 14:45:38.825794,2023-11-07 14:45:38.825794
id,(주) 이,SNACKS_LATE_NIGHT,17,167,0,0,0,48327,22.877934347222446,autem,62663,다중 주파수 다중 상태 그룹웨어,2023-11-25,ACTIVE,UNDECIDED,79,2023-11-07 14:45:38.825794,2023-11-07 14:45:38.825794
facere,(유) 박,CAFE_DESSERT,20,145,0,0,0,10915,86.43627597176658,odio,80472,사용자 중심의 취약점 미디어 정보,2023-11-15,ACTIVE,UNDECIDED,63,2023-11-07 14:45:38.825794,2023-11-07 14:45:38.825794
reiciendis,주식회사 김김이,ASIAN,10,154,0,0,0,34118,43.07594767752269,officiis,59936,올바른 사이즈의 실시간 아키텍쳐,2023-11-21,ACTIVE,UNDECIDED,77,2023-11-07 14:45:38.825794,2023-11-07 14:45:38.825794
architecto,이서김,CHINESE,15,115,0,0,0,30687,65.1581038887312,est,88075,출판된 비대칭 예보,2023-12-07,ACTIVE,UNDECIDED,131,2023-11-07 14:45:38.825794,2023-11-07 14:45:38.825794
mollitia,주식회사 강김손,CHICKEN_BURGER,8,90,0,0,0,38285,46.41107471795303,nemo,71442,크로스 그룹 물류 시너지,2023-11-14,ACTIVE,UNDECIDED,52,2023-11-07 14:45:38.825794,2023-11-07 14:45:38.825794
dolorum,유한회사 김김문,CHICKEN_BURGER,14,37,0,0,0,25669,64.25129519246838,at,71804,독보적인 방향 그래픽 인터페이스,2023-11-26,ACTIVE,UNDECIDED,139,2023-11-07 14:45:38.825794,2023-11-07 14:45:38.825794
harum,김오,CHICKEN_BURGER,7,136,0,0,0,36681,56.22269960615826,perferendis,83790,선택적 4세대 능력,2023-11-14,ACTIVE,UNDECIDED,54,2023-11-07 14:45:38.825794,2023-11-07 14:45:38.825794
repudiandae,(주) 최,WESTERN,8,160,0,0,0,38837,31.629814801774526,laboriosam,56804,출판된 실행 계층,2023-11-30,ACTIVE,UNDECIDED,103,2023-11-07 14:45:38.825794,2023-11-07 14:45:38.825794
sit,이정최,CAFE_DESSERT,11,195,0,0,0,33625,52.003368685498955,molestiae,70057,안정적인 그리드 가능 공구,2023-11-25,ACTIVE,UNDECIDED,79,2023-11-07 14:45:38.825794,2023-11-07 14:45:38.825794
vero,김오이,CHICKEN_BURGER,15,162,0,0,0,30086,65.68893551992336,repudiandae,87686,중심이 결합된 지원,2023-11-16,ACTIVE,UNDECIDED,127,2023-11-07 14:45:38.825794,2023-11-07 14:45:38.825794
quo,(유) 윤,ASIAN,8,107,0,0,0,30952,38.2700783789713,quam,50141,융합력있는 근본적 구조체,2023-11-11,ACTIVE,UNDECIDED,118,2023-11-07 14:45:38.825794,2023-11-07 14:45:38.825794
dolorem,주식회사 이장심,ASIAN,6,172,0,0,0,48201,34.14714119816927,in,73195,크로스 플랫폼 주파수 탐지 가능 허브,2023-11-21,ACTIVE,UNDECIDED,87,2023-11-07 14:45:38.825794,2023-11-07 14:45:38.825794
eius,김윤,CHICKEN_BURGER,11,132,0,0,0,28875,61.143034005732666,aliquid,74311,1:1 환경 친화적 전략,2023-11-12,ACTIVE,UNDECIDED,141,2023-11-07 14:45:38.825794,2023-11-07 14:45:38.825794
vel,이박,ASIAN,20,74,0,0,0,15164,81.40869245387114,repellat,81565,관리된 그리드 가능 표준,2023-11-28,ACTIVE,UNDECIDED,88,2023-11-07 14:45:38.825794,2023-11-07 14:45:38.825794
dolore,(주) 박,SNACKS_LATE_NIGHT,9,137,0,0,0,40352,49.62988852966509,optio,80111,더 커진 물류 환경,2023-11-29,ACTIVE,UNDECIDED,126,2023-11-07 14:45:38.825794,2023-11-07 14:45:38.825794
cupiditate,주식회사 김이이,WESTERN,14,52,0,0,0,15816,81.44446008728707,eveniet,85236,강력한 장거리 그래픽 인터페이스,2023-11-29,ACTIVE,UNDECIDED,83,2023-11-07 14:45:38.825794,2023-11-07 14:45:38.825794
explicabo,이이김,CHINESE,6,173,0,0,0,47630,19.55071362216029,est,59205,멀티 채널 선구적 우연성,2023-12-02,ACTIVE,UNDECIDED,120,2023-11-07 14:45:38.825794,2023-11-07 14:45:38.825794
quo,김장김,KOREAN,7,187,0,0,0,46512,28.002229033156866,nihil,64602,강화된 분리형 접근,2023-11-14,ACTIVE,UNDECIDED,119,2023-11-07 14:45:38.826797,2023-11-07 14:45:38.826797
provident,유허류,SNACKS_LATE_NIGHT,20,77,0,0,0,29081,54.122955086844726,consectetur,63389,크로스 플랫폼 다이나믹 인터페이스,2023-11-15,ACTIVE,UNDECIDED,62,2023-11-07 14:45:38.826797,2023-11-07 14:45:38.826797
recusandae,최최,CAFE_DESSERT,16,58,0,0,0,24486,71.92455426245485,mollitia,87215,선택적 다이나믹 코어,2023-11-19,ACTIVE,UNDECIDED,81,2023-11-07 14:45:38.826797,2023-11-07 14:45:38.826797
facere,최박박,SNACKS_LATE_NIGHT,8,105,0,0,0,17400,75.07270461154964,ex,69803,효율적인 합성물 인공지능,2023-11-15,ACTIVE,UNDECIDED,126,2023-11-07 14:45:38.826797,2023-11-07 14:45:38.826797
provident,박윤최,CAFE_DESSERT,20,46,0,0,0,13270,84.52387894337863,ipsum,85745,융합된 수요 중심 표준,2023-11-10,ACTIVE,UNDECIDED,137,2023-11-07 14:45:38.826797,2023-11-07 14:45:38.826797
autem,주식회사 이,CHICKEN_BURGER,12,150,0,0,0,22712,76.69177562036904,aperiam,97442,안전한 24시간 도전,2023-12-02,ACTIVE,UNDECIDED,135,2023-11-07 14:45:38.826797,2023-11-07 14:45:38.826797
blanditiis,유한회사 박,CAFE_DESSERT,7,56,0,0,0,31231,64.46257481623086,odio,87882,재정렬 하이브리드 보안구역,2023-11-27,ACTIVE,UNDECIDED,101,2023-11-07 14:45:38.827767,2023-11-07 14:45:38.827767
sapiente,김김,KOREAN,16,53,0,0,0,10498,82.78282546659231,magnam,60974,설정 가능한 4세대 허브,2023-12-07,ACTIVE,UNDECIDED,128,2023-11-07 14:45:38.827767,2023-11-07 14:45:38.827767
doloremque,송박,CAFE_DESSERT,18,119,0,0,0,34292,60.36614964980005,dolorem,86522,프로그래밍 가능한 역수 솔루션,2023-11-18,ACTIVE,UNDECIDED,115,2023-11-07 14:45:38.827767,2023-11-07 14:45:38.827767
mollitia,(주) 황강김,KOREAN,9,62,0,0,0,12726,86.72286617492097,autem,95849,다양한 클라이언트 단 솔루션,2023-11-23,ACTIVE,UNDECIDED,113,2023-11-07 14:45:38.827767,2023-11-07 14:45:38.827767
quae,주식회사 김,WESTERN,9,111,0,0,0,30590,67.03024293505206,velit,92782,미래가 보장된 4세대 융합,2023-11-11,ACTIVE,UNDECIDED,117,2023-11-07 14:45:38.827767,2023-11-07 14:45:38.827767
enim,(유) 김문이,CHICKEN_BURGER,19,143,0,0,0,11945,85.84715639810426,voluptatum,84400,자가 이용 가능한 상황에 맞는 예보,2023-11-18,ACTIVE,UNDECIDED,130,2023-11-07 14:45:38.827767,2023-11-07 14:45:38.827767
recusandae,김김고,KOREAN,12,46,0,0,0,44277,48.7789641729232,laudantium,86443,선택적 수요 중심 솔루션,2023-11-16,ACTIVE,UNDECIDED,128,2023-11-07 14:45:38.827767,2023-11-07 14:45:38.827767
cumque,이강,SNACKS_LATE_NIGHT,5,164,0,0,0,33091,54.66489478298991,libero,72992,오픈소스 분리형 알고리즘,2023-11-29,ACTIVE,UNDECIDED,52,2023-11-07 14:45:38.827767,2023-11-07 14:45:38.827767
natus,김김김,KOREAN,7,61,0,0,0,36462,34.962452954711665,voluptate,56063,수익에 중점을 둔 최대화 배열,2023-11-12,ACTIVE,UNDECIDED,104,2023-11-07 14:45:38.827767,2023-11-07 14:45:38.827767
ullam,(유) 임구곽,CAFE_DESSERT,13,72,0,0,0,19289,77.44504209541627,corrupti,85520,모니터링되는 멀티미디어 고객 만족,2023-11-11,ACTIVE,UNDECIDED,102,2023-11-07 14:45:38.827767,2023-11-07 14:45:38.827767
placeat,유한회사 서김박,WESTERN,18,103,0,0,0,46805,11.9246546987317,enim,53142,자가 이용 가능한 하이브리드 회로,2023-11-25,ACTIVE,UNDECIDED,139,2023-11-07 14:45:38.827767,2023-11-07 14:45:38.827767
maxime,유한회사 이,CHINESE,11,30,0,0,0,41760,55.893536121673,eaque,94680,다양한 지역적 하드웨어,2023-11-20,ACTIVE,UNDECIDED,103,2023-11-07 14:45:38.828767,2023-11-07 14:45:38.828767
numquam,유한회사 최,JAPANESE_SUSHI,12,66,0,0,0,32345,42.13981610675825,veniam,55902,변경 가능한 결합된 융합,2023-12-02,ACTIVE,UNDECIDED,107,2023-11-07 14:45:38.828767,2023-11-07 14:45:38.828767
autem,(주) 배홍박,ASIAN,13,35,0,0,0,48002,43.363813344345466,nobis,84755,1:1 24/7 패러다임,2023-11-22,ACTIVE,UNDECIDED,78,2023-11-07 14:45:38.828767,2023-11-07 14:45:38.828767
modi,김황,KOREAN,5,103,0,0,0,20768,78.11268258752608,deserunt,94886,업그레이드 가능한 휴대형 접근,2023-11-27,ACTIVE,UNDECIDED,141,2023-11-07 14:45:38.828767,2023-11-07 14:45:38.828767
dolore,(유) 오,JAPANESE_SUSHI,15,58,0,0,0,27573,71.80213531866154,numquam,97784,함수 기반의 결정 예산 관리,2023-11-27,ACTIVE,UNDECIDED,64,2023-11-07 14:45:38.828767,2023-11-07 14:45:38.828767
est,이나,ASIAN,14,86,0,0,0,45029,20.41252783767542,repellat,56578,안정적인 국가적 엔진,2023-11-11,ACTIVE,UNDECIDED,119,2023-11-07 14:45:38.828767,2023-11-07 14:45:38.828767
ipsa,(주) 최,KOREAN,5,78,0,0,0,24785,70.42398062075631,autem,83801,유기농 지역적 인트라넷,2023-12-07,ACTIVE,UNDECIDED,54,2023-11-07 14:45:38.828767,2023-11-07 14:45:38.828767
minus,(주) 김이김,CHINESE,20,63,0,0,0,10286,89.6681264815782,accusantium,99556,확장된 역수 서비스 창구,2023-11-12,ACTIVE,UNDECIDED,112,2023-11-07 14:45:38.828767,2023-11-07 14:45:38.828767
nisi,(주) 박서황,JAPANESE_SUSHI,17,174,0,0,0,20817,76.03936464088397,labore,86880,크로스 플랫폼 6세대 우연성,2023-11-30,ACTIVE,UNDECIDED,122,2023-11-07 14:45:38.828767,2023-11-07 14:45:38.828767
vel,박최,CAFE_DESSERT,10,94,0,0,0,47798,42.49380398950889,suscipit,83118,리버스 엔지니어링된 가치추가 컨셉,2023-11-30,ACTIVE,UNDECIDED,74,2023-11-07 14:45:38.828767,2023-11-07 14:45:38.828767
aliquid,(유) 박,CHICKEN_BURGER,17,96,0,0,0,39923,40.099626400996264,porro,66649,더 작아진 최적화된 고객 만족,2023-11-19,ACTIVE,UNDECIDED,83,2023-11-07 14:45:38.828767,2023-11-07 14:45:38.828767
culpa,유한회사 문,JAPANESE_SUSHI,18,162,0,0,0,27007,54.92297164221455,doloribus,59913,더 작아진 고단계 정책,2023-11-10,ACTIVE,UNDECIDED,118,2023-11-07 14:45:38.828767,2023-11-07 14:45:38.828767
quasi,이차장,WESTERN,13,84,0,0,0,28104,70.2911266622973,molestiae,94598,공개 키 하이브리드 정의,2023-11-23,ACTIVE,UNDECIDED,138,2023-11-07 14:45:38.829782,2023-11-07 14:45:38.829782
a,박노김,CAFE_DESSERT,12,63,0,0,0,37785,26.754802566538082,corporis,51587,융합력있는 필수 마이그레이션,2023-11-21,ACTIVE,UNDECIDED,123,2023-11-07 14:45:38.829782,2023-11-07 14:45:38.829782
eius,김구이,KOREAN,11,157,0,0,0,35850,54.86762428713507,labore,79433,무결점의 장거리 제품,2023-11-10,ACTIVE,UNDECIDED,114,2023-11-07 14:45:38.829782,2023-11-07 14:45:38.829782
animi,박이이,SNACKS_LATE_NIGHT,18,49,0,0,0,34199,65.0223985926729,quos,97774,유기농 객체 지향적 융합,2023-11-17,ACTIVE,UNDECIDED,55,2023-11-07 14:45:38.829782,2023-11-07 14:45:38.829782
quaerat,주식회사 윤,JAPANESE_SUSHI,20,159,0,0,0,26007,73.56018014903978,reiciendis,98363,낮은 실행 인공지능,2023-11-28,ACTIVE,UNDECIDED,84,2023-11-07 14:45:38.829782,2023-11-07 14:45:38.829782
aliquam,(주) 이,CAFE_DESSERT,12,199,0,0,0,14556,84.93619927764956,sapiente,96629,융합된 최대화 계층,2023-11-09,ACTIVE,UNDECIDED,141,2023-11-07 14:45:38.829782,2023-11-07 14:45:38.829782
ea,(주) 신박유,CHINESE,15,35,0,0,0,15267,70.36627263727945,fugit,51519,최적화된 다이나믹 정책,2023-11-08,ACTIVE,UNDECIDED,106,2023-11-07 14:45:38.829782,2023-11-07 14:45:38.829782
atque,고이박,KOREAN,8,56,0,0,0,30118,54.80560015606009,excepturi,66641,재정렬 글로벌 미디어 정보,2023-11-26,ACTIVE,UNDECIDED,114,2023-11-07 14:45:38.829782,2023-11-07 14:45:38.829782
molestias,백김,ASIAN,15,93,0,0,0,12287,77.03922411376675,tenetur,53513,융합력있는 분리형 공개 시스템,2023-11-12,ACTIVE,UNDECIDED,103,2023-11-07 14:45:38.829782,2023-11-07 14:45:38.829782
quod,(유) 이안박,KOREAN,18,154,0,0,0,25739,62.86340879250891,doloribus,69309,무결점의 근본적 코어,2023-11-13,ACTIVE,UNDECIDED,91,2023-11-07 14:45:38.829782,2023-11-07 14:45:38.829782
asperiores,(주) 김,KOREAN,20,82,0,0,0,24801,74.21772667733954,porro,96194,1:1 컨텐츠 기반 계층,2023-12-04,ACTIVE,UNDECIDED,69,2023-11-07 14:45:38.829782,2023-11-07 14:45:38.829782
aut,이이김,SNACKS_LATE_NIGHT,15,101,0,0,0,40146,23.403037472334578,quam,52412,유저 친화적 백그라운드 알고리즘,2023-11-24,ACTIVE,UNDECIDED,83,2023-11-07 14:45:38.829782,2023-11-07 14:45:38.829782
facere,(유) 홍,CHICKEN_BURGER,20,108,0,0,0,34303,49.09854431600659,accusamus,67391,트리플 버퍼 가치추가 시간화,2023-11-27,ACTIVE,UNDECIDED,149,2023-11-07 14:45:38.829782,2023-11-07 14:45:38.829782
ullam,유한회사 심홍이,ASIAN,20,57,0,0,0,43354,51.62733612273362,optio,89625,특별한 장거리 에뮬레이션,2023-12-03,ACTIVE,UNDECIDED,96,2023-11-07 14:45:38.829782,2023-11-07 14:45:38.829782
architecto,박박,KOREAN,16,174,0,0,0,27420,63.06871750666703,cumque,74246,적응된 비동기 암호화,2023-12-02,ACTIVE,UNDECIDED,95,2023-11-07 14:45:38.829782,2023-11-07 14:45:38.829782
velit,유한회사 김문윤,ASIAN,16,135,0,0,0,19400,62.53813772061947,veritatis,51786,멀티 레이어 백그라운드 암호화,2023-11-12,ACTIVE,UNDECIDED,114,2023-11-07 14:45:38.829782,2023-11-07 14:45:38.829782
ipsum,주식회사 이이심,WESTERN,11,102,0,0,0,13821,81.3820973934128,excepturi,74235,중심이 무관리 접근,2023-12-05,ACTIVE,UNDECIDED,135,2023-11-07 14:45:38.829782,2023-11-07 14:45:38.829782
sint,주박박,ASIAN,10,81,0,0,0,47601,45.54409005628518,reiciendis,87412,조절 가능한 중립형 유연성,2023-11-14,ACTIVE,UNDECIDED,126,2023-11-07 14:45:38.829782,2023-11-07 14:45:38.829782
id,이이이,KOREAN,8,200,0,0,0,12786,84.9227032062545,explicabo,84803,프로그래밍 가능한 장거리 시너지,2023-11-17,ACTIVE,UNDECIDED,114,2023-11-07 14:45:38.830766,2023-11-07 14:45:38.830766
quisquam,박하,KOREAN,6,31,0,0,0,23083,69.84545846451292,mollitia,76549,융합력있는 하이브리드 컨셉,2023-11-18,ACTIVE,UNDECIDED,149,2023-11-07 14:45:38.830766,2023-11-07 14:45:38.830766
asperiores,(주) 안강강,JAPANESE_SUSHI,9,113,0,0,0,15887,81.5267441860465,dolor,86000,비전 있는 다이나믹 구조체,2023-11-24,ACTIVE,UNDECIDED,59,2023-11-07 14:45:38.830766,2023-11-07 14:45:38.830766
eveniet,(주) 문,ASIAN,9,135,0,0,0,23428,74.63706141537929,tempore,92371,비즈니스 중점적 분리형 태도,2023-11-10,ACTIVE,UNDECIDED,60,2023-11-07 14:45:38.830766,2023-11-07 14:45:38.830766
eum,한안,CAFE_DESSERT,12,161,0,0,0,42016,16.860913785939015,quis,50537,중심이 주파수 탐지 가능 마이그레이션,2023-11-17,ACTIVE,UNDECIDED,90,2023-11-07 14:45:38.830766,2023-11-07 14:45:38.830766
totam,김오이,KOREAN,16,145,0,0,0,19307,77.04853722613854,libero,84121,조직화된 국가적 포탈,2023-11-18,ACTIVE,UNDECIDED,107,2023-11-07 14:45:38.830766,2023-11-07 14:45:38.830766
cum,이이문,WESTERN,10,41,0,0,0,37267,47.60277824644283,cupiditate,71124,오픈소스 결합된 프레임워크,2023-12-04,ACTIVE,UNDECIDED,111,2023-11-07 14:45:38.830766,2023-11-07 14:45:38.830766
doloremque,류최박,JAPANESE_SUSHI,6,67,0,0,0,33673,57.93188746189596,totam,80044,총 취약점 함수,2023-11-16,ACTIVE,UNDECIDED,145,2023-11-07 14:45:38.830766,2023-11-07 14:45:38.830766
porro,(주) 김,JAPANESE_SUSHI,14,132,0,0,0,39917,34.57087595069499,doloremque,61008,동기화 중립형 암호화,2023-12-07,ACTIVE,UNDECIDED,95,2023-11-07 14:45:38.830766,2023-11-07 14:45:38.830766
nemo,이이,JAPANESE_SUSHI,8,142,0,0,0,37871,50.98937505661891,tempora,77271,완벽히 설정된 교훈적 그룹웨어,2023-11-30,ACTIVE,UNDECIDED,81,2023-11-07 14:45:38.830766,2023-11-07 14:45:38.830766
praesentium,이이신,ASIAN,14,87,0,0,0,21562,70.1021922100972,molestias,72119,공유 가능한 모듈형 모니터링,2023-11-12,ACTIVE,UNDECIDED,133,2023-11-07 14:45:38.830766,2023-11-07 14:45:38.830766
quasi,유한회사 김최김,CHICKEN_BURGER,14,196,0,0,0,46947,49.793063620905386,tenetur,93507,더 커진 분리된 벤치마크,2023-11-13,ACTIVE,UNDECIDED,145,2023-11-07 14:45:38.830766,2023-11-07 14:45:38.830766
pariatur,양김박,CHICKEN_BURGER,12,104,0,0,0,36070,63.36099627210581,id,98447,복제된 해답 기반 공구,2023-11-19,ACTIVE,UNDECIDED,128,2023-11-07 14:45:38.830766,2023-11-07 14:45:38.830766
ipsa,(유) 나조배,WESTERN,13,33,0,0,0,40632,48.42738557611758,eum,78786,멀티 레이어 무관리 보안구역,2023-11-13,ACTIVE,UNDECIDED,114,2023-11-07 14:45:38.830766,2023-11-07 14:45:38.830766
explicabo,김이오,SNACKS_LATE_NIGHT,10,76,0,0,0,23751,75.88143303952232,harum,98476,줄어든 확장 코어,2023-11-20,ACTIVE,UNDECIDED,55,2023-11-07 14:45:38.830766,2023-11-07 14:45:38.830766
tempore,최지박,ASIAN,7,42,0,0,0,35232,57.479060561442466,omnis,82858,융합된 분리형 아카이브,2023-12-02,ACTIVE,UNDECIDED,136,2023-11-07 14:45:38.830766,2023-11-07 14:45:38.830766
commodi,엄김,KOREAN,17,109,0,0,0,30027,65.46040144935871,mollitia,86935,미래가 보장된 합성물 LAN,2023-11-16,ACTIVE,UNDECIDED,91,2023-11-07 14:45:38.830766,2023-11-07 14:45:38.830766
sequi,윤이조,ASIAN,11,102,0,0,0,13727,72.85437430786268,cupiditate,50568,다중 주파수 비대칭 모델,2023-11-30,ACTIVE,UNDECIDED,54,2023-11-07 14:45:38.831766,2023-11-07 14:45:38.831766
modi,(주) 권김김,CHINESE,12,82,0,0,0,38855,57.25099294759657,quaerat,90891,유저 친화적 휴대형 미디어 정보,2023-11-17,ACTIVE,UNDECIDED,147,2023-11-07 14:45:38.831766,2023-11-07 14:45:38.831766
pariatur,김최,WESTERN,12,32,0,0,0,12413,83.03655620088828,illo,73175,자가 이용 가능한 필수 보안구역,2023-11-17,ACTIVE,UNDECIDED,58,2023-11-07 14:45:38.831766,2023-11-07 14:45:38.831766
totam,최최김,ASIAN,8,46,0,0,0,19554,79.83936653916342,voluptates,96991,관리된 요약 인공지능,2023-11-28,ACTIVE,UNDECIDED,125,2023-11-07 14:45:38.831766,2023-11-07 14:45:38.831766
totam,김류김,SNACKS_LATE_NIGHT,11,119,0,0,0,27059,70.95770143070268,similique,93171,품질 중심의 교훈적 엔진,2023-11-24,ACTIVE,UNDECIDED,57,2023-11-07 14:45:38.831766,2023-11-07 14:45:38.831766
sint,주식회사 장,SNACKS_LATE_NIGHT,18,158,0,0,0,16145,74.11208209733023,voluptatem,62365,숙련된 확장 모델,2023-11-22,ACTIVE,UNDECIDED,103,2023-11-07 14:45:38.831766,2023-11-07 14:45:38.831766
tempore,유한회사 김권이,JAPANESE_SUSHI,7,101,0,0,0,24502,60.03979385478505,deleniti,61316,융합된 비동기 엔진,2023-11-10,ACTIVE,UNDECIDED,91,2023-11-07 14:45:38.831766,2023-11-07 14:45:38.831766
est,이배,SNACKS_LATE_NIGHT,17,165,0,0,0,17691,66.11438859944836,aspernatur,52208,더 커진 국가적 프레임워크,2023-11-21,ACTIVE,UNDECIDED,82,2023-11-07 14:45:38.831766,2023-11-07 14:45:38.831766
repudiandae,안김,CHICKEN_BURGER,10,37,0,0,0,23996,60.32538606527562,fuga,60482,유기농 장거리 고객 만족,2023-12-07,ACTIVE,UNDECIDED,129,2023-11-07 14:45:38.831766,2023-11-07 14:45:38.831766
voluptate,(주) 양,WESTERN,6,182,0,0,0,10554,88.94649197222483,velit,95481,적응된 최적화된 허브,2023-11-08,ACTIVE,UNDECIDED,92,2023-11-07 14:45:38.831766,2023-11-07 14:45:38.831766
voluptatem,김김,ASIAN,11,47,0,0,0,40134,44.0204201188384,amet,71694,총 컨텐츠 기반 패러다임,2023-11-21,ACTIVE,UNDECIDED,68,2023-11-07 14:45:38.831766,2023-11-07 14:45:38.831766
voluptatibus,최엄,CAFE_DESSERT,19,171,0,0,0,39198,60.4699475594998,unde,99160,객체 기반의 실행 우연성,2023-11-12,ACTIVE,UNDECIDED,58,2023-11-07 14:45:38.831766,2023-11-07 14:45:38.831766
autem,(주) 이,ASIAN,11,92,0,0,0,27462,67.68986410965351,praesentium,84995,자동화된 분석중인 모델,2023-11-22,ACTIVE,UNDECIDED,109,2023-11-07 14:45:38.831766,2023-11-07 14:45:38.831766
ipsum,주식회사 김,CHINESE,17,82,0,0,0,29755,65.0975930183456,qui,85252,관리된 수요 중심 미들웨어,2023-11-12,ACTIVE,UNDECIDED,60,2023-11-07 14:45:38.831766,2023-11-07 14:45:38.831766
dicta,박이이,ASIAN,6,188,0,0,0,12154,85.86596271702852,architecto,85991,오픈소스 보조 배열,2023-11-25,ACTIVE,UNDECIDED,92,2023-11-07 14:45:38.831766,2023-11-07 14:45:38.831766
voluptate,박최,WESTERN,7,150,0,0,0,30607,55.84870822093677,est,69323,자동화된 분리형 정책,2023-11-24,ACTIVE,UNDECIDED,147,2023-11-07 14:45:38.831766,2023-11-07 14:45:38.831766
vitae,류정김,SNACKS_LATE_NIGHT,18,122,0,0,0,30117,45.09507228410479,molestiae,54853,객체 기반의 그리드 가능 프로젝트,2023-11-30,ACTIVE,UNDECIDED,52,2023-11-07 14:45:38.831766,2023-11-07 14:45:38.831766
reiciendis,(유) 박,JAPANESE_SUSHI,6,180,0,0,0,46818,38.39088325086851,minima,75992,원활한 장거리 미디어 정보,2023-11-29,ACTIVE,UNDECIDED,110,2023-11-07 14:45:38.831766,2023-11-07 14:45:38.831766
odit,주식회사 장오장,CHINESE,8,50,0,0,0,11356,82.36810235071268,molestias,64406,디지털화된 선구적 미디어 정보,2023-12-06,ACTIVE,UNDECIDED,71,2023-11-07 14:45:38.831766,2023-11-07 14:45:38.831766
autem,유한회사 고안최,CHICKEN_BURGER,10,43,0,0,0,48344,19.226078093933268,harum,59851,줄어든 실행 접근,2023-11-09,ACTIVE,UNDECIDED,125,2023-11-07 14:45:38.832766,2023-11-07 14:45:38.832766
error,(유) 차,CAFE_DESSERT,10,72,0,0,0,18758,78.7781423237923,sint,88390,유저 친화적 실시간 배열,2023-11-13,ACTIVE,UNDECIDED,94,2023-11-07 14:45:38.832766,2023-11-07 14:45:38.832766
quis,(유) 이,ASIAN,10,133,0,0,0,11453,77.550180335581,quis,51016,확대된 24시간 보안구역,2023-12-01,ACTIVE,UNDECIDED,52,2023-11-07 14:45:38.832766,2023-11-07 14:45:38.832766
veritatis,유한회사 이김권,ASIAN,16,52,0,0,0,46775,21.136045590194062,recusandae,59311,숙련된 6세대 프로젝트,2023-11-21,ACTIVE,UNDECIDED,65,2023-11-07 14:45:38.832766,2023-11-07 14:45:38.832766
eaque,주식회사 이,SNACKS_LATE_NIGHT,11,108,0,0,0,12945,86.97043814355166,sequi,99351,재정렬 6세대 보안구역,2023-11-25,ACTIVE,UNDECIDED,91,2023-11-07 14:45:38.832766,2023-11-07 14:45:38.832766
itaque,(유) 홍,ASIAN,15,39,0,0,0,11933,78.54625867462515,ut,55622,자동화된 분석중인 생산 능력,2023-11-10,ACTIVE,UNDECIDED,134,2023-11-07 14:45:38.832766,2023-11-07 14:45:38.832766
odio,박백권,JAPANESE_SUSHI,10,168,0,0,0,29921,58.00030881093752,quam,71241,공개 키 컨텐츠 기반 미디어 정보,2023-11-11,ACTIVE,UNDECIDED,99,2023-11-07 14:45:38.832766,2023-11-07 14:45:38.832766
quae,이송,SNACKS_LATE_NIGHT,13,107,0,0,0,14153,84.96888209180314,aspernatur,94158,미래가 보장된 선구적 어댑터,2023-11-19,ACTIVE,UNDECIDED,101,2023-11-07 14:45:38.832766,2023-11-07 14:45:38.832766
a,손김이,JAPANESE_SUSHI,18,41,0,0,0,43785,31.040728257788135,reprehenderit,63494,무결점의 멀티 태스킹 프로젝트,2023-11-14,ACTIVE,UNDECIDED,107,2023-11-07 14:45:38.832766,2023-11-07 14:45:38.832766
modi,이박,CAFE_DESSERT,19,125,0,0,0,47965,43.53072757240405,quasi,84940,트리플 버퍼 실시간 암호화,2023-11-17,ACTIVE,UNDECIDED,138,2023-11-07 14:45:38.832766,2023-11-07 14:45:38.832766
pariatur,(유) 김강이,SNACKS_LATE_NIGHT,8,154,0,0,0,38502,58.7441735869274,ratione,93325,융합력있는 밀착 환경,2023-11-18,ACTIVE,UNDECIDED,97,2023-11-07 14:45:38.832766,2023-11-07 14:45:38.832766
ea,유한회사 박,CHINESE,16,183,0,0,0,18259,81.21985086140397,vero,97225,관리된 클라이언트 단 엔진,2023-11-27,ACTIVE,UNDECIDED,71,2023-11-07 14:45:38.832766,2023-11-07 14:45:38.832766
veritatis,(유) 이한김,ASIAN,17,154,0,0,0,45346,50.07596609049874,itaque,90830,중심이 무관리 프레임,2023-12-06,ACTIVE,UNDECIDED,85,2023-11-07 14:45:38.832766,2023-11-07 14:45:38.832766
impedit,김이,SNACKS_LATE_NIGHT,17,162,0,0,0,13049,86.69365529337385,dicta,98066,크로스 그룹 무해한 모니터링,2023-11-12,ACTIVE,UNDECIDED,150,2023-11-07 14:45:38.832766,2023-11-07 14:45:38.832766
pariatur,주식회사 이,WESTERN,18,53,0,0,0,31865,52.66285374730744,tempora,67315,재정렬 모듈형 암호화,2023-11-19,ACTIVE,UNDECIDED,119,2023-11-07 14:45:38.832766,2023-11-07 14:45:38.832766
aspernatur,이김박,ASIAN,10,134,0,0,0,32982,48.98533688052961,totam,64652,안전한 지역적 구조체,2023-11-23,ACTIVE,UNDECIDED,121,2023-11-07 14:45:38.832766,2023-11-07 14:45:38.832766
eligendi,양한김,CHICKEN_BURGER,5,169,0,0,0,26527,47.108904573912355,quaerat,50154,줄어든 안정적 아키텍쳐,2023-12-04,ACTIVE,UNDECIDED,118,2023-11-07 14:45:38.832766,2023-11-07 14:45:38.832766
vitae,(유) 이이김,SNACKS_LATE_NIGHT,17,79,0,0,0,20366,76.99926590998926,eius,88545,동기화 실행 소프트웨어,2023-11-14,ACTIVE,UNDECIDED,115,2023-11-07 14:45:38.832766,2023-11-07 14:45:38.832766
error,이나,CHINESE,17,83,0,0,0,27297,55.412358504434756,molestiae,61221,다양한 근본적 보안구역,2023-11-09,ACTIVE,UNDECIDED,83,2023-11-07 14:45:38.832766,2023-11-07 14:45:38.832766
debitis,한우,ASIAN,19,66,0,0,0,38402,56.72185094609672,dolorum,88733,변경 가능한 글로벌 포탈,2023-11-10,ACTIVE,UNDECIDED,145,2023-11-07 14:45:38.833765,2023-11-07 14:45:38.833765
labore,김장,WESTERN,19,165,0,0,0,28601,58.17466584773771,porro,68382,최적화된 백그라운드 모델,2023-11-19,ACTIVE,UNDECIDED,97,2023-11-07 14:45:38.833765,2023-11-07 14:45:38.833765
ea,유한회사 손,ASIAN,9,186,0,0,0,47868,44.00486629389608,eum,85486,줄어든 글로벌 연합,2023-11-25,ACTIVE,UNDECIDED,89,2023-11-07 14:45:38.833765,2023-11-07 14:45:38.833765
nobis,(주) 이임최,CAFE_DESSERT,14,95,0,0,0,28450,62.23985984285411,amet,75344,오픈소스 잘 모듈화된 능력,2023-12-02,ACTIVE,UNDECIDED,99,2023-11-07 14:45:38.833765,2023-11-07 14:45:38.833765
sit,김김윤,CHINESE,8,90,0,0,0,32934,63.4322640818094,nisi,90063,프로그래밍 가능한 멀티미디어 코어,2023-11-08,ACTIVE,UNDECIDED,97,2023-11-07 14:45:38.833765,2023-11-07 14:45:38.833765
suscipit,정김,CAFE_DESSERT,13,134,0,0,0,46474,41.59870314286792,ad,79577,크로스 그룹 고도 기반 암호화,2023-11-28,ACTIVE,UNDECIDED,140,2023-11-07 14:45:38.833765,2023-11-07 14:45:38.833765
inventore,김이양,KOREAN,13,155,0,0,0,43398,45.44700321802092,hic,79552,올바른 사이즈의 무관리 프로젝트,2023-12-05,ACTIVE,UNDECIDED,57,2023-11-07 14:45:38.833765,2023-11-07 14:45:38.833765
quis,이김이,CAFE_DESSERT,8,56,0,0,0,14637,74.68435435331557,inventore,57818,공유 가능한 환경 친화적 코어,2023-11-17,ACTIVE,UNDECIDED,58,2023-11-07 14:45:38.833765,2023-11-07 14:45:38.833765
in,손박,SNACKS_LATE_NIGHT,11,169,0,0,0,20615,73.06320314643739,numquam,76531,함수 기반의 취약점 GUI,2023-11-14,ACTIVE,UNDECIDED,66,2023-11-07 14:45:38.833765,2023-11-07 14:45:38.833765
in,유한회사 김이최,CHICKEN_BURGER,11,95,0,0,0,16798,71.3427845164372,distinctio,58617,줄어든 클라이언트 단 프레임,2023-11-10,ACTIVE,UNDECIDED,118,2023-11-07 14:45:38.833765,2023-11-07 14:45:38.833765
vel,(주) 최,JAPANESE_SUSHI,7,85,0,0,0,26041,52.82000181175831,molestias,55195,원활한 무해한 알고리즘,2023-11-22,ACTIVE,UNDECIDED,122,2023-11-07 14:45:38.833765,2023-11-07 14:45:38.833765
fuga,주식회사 김,WESTERN,14,155,0,0,0,41181,30.806841857651722,maiores,59516,최적화된 헌신적 환경,2023-11-16,ACTIVE,UNDECIDED,124,2023-11-07 14:45:38.833765,2023-11-07 14:45:38.833765
cum,주식회사 송류윤,CAFE_DESSERT,10,171,0,0,0,43269,17.49485165128518,ad,52444,선택적 고도 기반 정책,2023-12-01,ACTIVE,UNDECIDED,135,2023-11-07 14:45:38.833765,2023-11-07 14:45:38.833765
ipsum,이김,SNACKS_LATE_NIGHT,15,169,0,0,0,10221,85.00330129851075,dolorem,68155,효율적인 보조 아카이브,2023-11-20,ACTIVE,UNDECIDED,114,2023-11-07 14:45:38.833765,2023-11-07 14:45:38.833765
provident,이주,CHICKEN_BURGER,16,179,0,0,0,36703,30.353517144537847,commodi,52699,공개 키 환경 친화적 유연성,2023-11-11,ACTIVE,UNDECIDED,87,2023-11-07 14:45:38.833765,2023-11-07 14:45:38.833765
possimus,(주) 김,KOREAN,11,165,0,0,0,36939,61.361282831769536,laboriosam,95601,융합력있는 범국가적 LAN,2023-11-28,ACTIVE,UNDECIDED,83,2023-11-07 14:45:38.833765,2023-11-07 14:45:38.833765
fuga,김최,JAPANESE_SUSHI,19,148,0,0,0,47366,7.686610797115572,repudiandae,51310,비즈니스 중점적 가치추가 회로,2023-11-13,ACTIVE,UNDECIDED,55,2023-11-07 14:45:38.833765,2023-11-07 14:45:38.833765
non,(주) 김서김,SNACKS_LATE_NIGHT,11,38,0,0,0,49385,22.26629519447199,similique,63531,최전방 비대칭 아카이브,2023-11-09,ACTIVE,UNDECIDED,65,2023-11-07 14:45:38.833765,2023-11-07 14:45:38.833765
eius,주식회사 곽김최,KOREAN,11,187,0,0,0,33943,38.620253164556964,inventore,55300,효율적인 안정적 데이터베이스,2023-11-23,ACTIVE,UNDECIDED,85,2023-11-07 14:45:38.833765,2023-11-07 14:45:38.833765
tempore,(주) 허임이,WESTERN,18,188,0,0,0,16426,75.33115069233773,accusamus,66586,총 역수 설치과정,2023-11-28,ACTIVE,UNDECIDED,101,2023-11-07 14:45:38.834766,2023-11-07 14:45:38.834766
quod,이이,CHINESE,8,167,0,0,0,13213,80.61387678448288,officia,68157,크로스 그룹 국가적 접근,2023-11-19,ACTIVE,UNDECIDED,118,2023-11-07 14:45:38.834766,2023-11-07 14:45:38.834766
praesentium,(유) 김허이,SNACKS_LATE_NIGHT,6,111,0,0,0,40657,39.35683069075071,nostrum,67043,복제된 클라이언트 단 태도,2023-12-04,ACTIVE,UNDECIDED,82,2023-11-07 14:45:38.834766,2023-11-07 14:45:38.834766
distinctio,문김서,CAFE_DESSERT,8,200,0,0,0,22220,61.4844603144338,eaque,57691,크로스 그룹 고도 기반 안내 창구,2023-11-11,ACTIVE,UNDECIDED,57,2023-11-07 14:45:38.834766,2023-11-07 14:45:38.834766
aperiam,(유) 양,CHICKEN_BURGER,8,144,0,0,0,29577,70.13359453100544,deleniti,99031,무결점의 문맥 기반 공개 시스템,2023-12-06,ACTIVE,UNDECIDED,111,2023-11-07 14:45:38.834766,2023-11-07 14:45:38.834766
quam,유한회사 박김유,CHINESE,8,192,0,0,0,11969,81.4767240311997,maxime,64616,융합된 작동 에뮬레이션,2023-11-19,ACTIVE,UNDECIDED,74,2023-11-07 14:45:38.834766,2023-11-07 14:45:38.834766
facilis,허진,SNACKS_LATE_NIGHT,14,64,0,0,0,35555,62.74115292317688,minima,95427,조절 가능한 고단계 생산 능력,2023-11-25,ACTIVE,UNDECIDED,57,2023-11-07 14:45:38.834766,2023-11-07 14:45:38.834766
dolorum,(주) 고백박,SNACKS_LATE_NIGHT,19,35,0,0,0,34982,54.654810359577944,earum,77146,효율적인 분리된 알고리즘,2023-12-05,ACTIVE,UNDECIDED,103,2023-11-07 14:45:38.834766,2023-11-07 14:45:38.834766
dolorum,주식회사 김,CHICKEN_BURGER,14,158,0,0,0,15731,69.72537095129039,deserunt,51961,단체 기반의 분석중인 예산 관리,2023-11-26,ACTIVE,UNDECIDED,118,2023-11-07 14:45:38.834766,2023-11-07 14:45:38.834766
consequatur,(주) 류,CHINESE,9,141,0,0,0,17651,80.83371337980759,accusantium,92094,조절 가능한 분리된 예보,2023-11-16,ACTIVE,UNDECIDED,82,2023-11-07 14:45:38.834766,2023-11-07 14:45:38.834766
maiores,주식회사 지,WESTERN,8,199,0,0,0,34555,39.11335083607915,voluptatibus,56753,낮은 안정적 유연성,2023-11-30,ACTIVE,UNDECIDED,105,2023-11-07 14:45:38.834766,2023-11-07 14:45:38.834766
porro,(주) 김김손,WESTERN,9,120,0,0,0,21018,59.31238747894767,tenetur,51657,총 상황에 맞는 미디어 정보,2023-12-05,ACTIVE,UNDECIDED,147,2023-11-07 14:45:38.834766,2023-11-07 14:45:38.834766
blanditiis,황이이,JAPANESE_SUSHI,14,46,0,0,0,21469,75.96852367999821,rem,89337,다용도 객체 지향적 설치과정,2023-11-28,ACTIVE,UNDECIDED,82,2023-11-07 14:45:38.834766,2023-11-07 14:45:38.834766
iure,(주) 김황박,CAFE_DESSERT,20,129,0,0,0,44778,14.464183381088825,modi,52350,가상 해답 기반 회로,2023-11-30,ACTIVE,UNDECIDED,79,2023-11-07 14:45:38.834766,2023-11-07 14:45:38.834766
porro,한강,JAPANESE_SUSHI,12,174,0,0,0,46589,32.5237164168296,libero,69045,업그레이드 가능한 실시간 엑스트라넷,2023-11-26,ACTIVE,UNDECIDED,135,2023-11-07 14:45:38.835766,2023-11-07 14:45:38.835766
modi,주식회사 최,CHINESE,14,33,0,0,0,29060,47.829521381638,consequuntur,55702,디지털화된 휴리스틱 우연성,2023-11-11,ACTIVE,UNDECIDED,113,2023-11-07 14:45:38.835766,2023-11-07 14:45:38.835766
aliquid,최김,CHICKEN_BURGER,14,49,0,0,0,15612,81.05799563212813,unde,82420,무결점의 선구적 아카이브,2023-11-12,ACTIVE,UNDECIDED,105,2023-11-07 14:45:38.835766,2023-11-07 14:45:38.835766
tenetur,(유) 서최권,SNACKS_LATE_NIGHT,16,149,0,0,0,13756,84.00260498435847,molestias,85989,독보적인 헌신적 능력,2023-11-14,ACTIVE,UNDECIDED,148,2023-11-07 14:45:38.835766,2023-11-07 14:45:38.835766
ea,장김,CAFE_DESSERT,16,74,0,0,0,22499,74.39512916808923,excepturi,87870,사용자 중심의 백그라운드 우연성,2023-12-02,ACTIVE,UNDECIDED,150,2023-11-07 14:45:38.835766,2023-11-07 14:45:38.835766
amet,주식회사 이김이,KOREAN,8,194,0,0,0,30436,67.98771509108502,neque,95076,사용자 중심의 무관용 어플리케이션,2023-12-03,ACTIVE,UNDECIDED,135,2023-11-07 14:45:38.835766,2023-11-07 14:45:38.835766
sed,유한회사 이,CHICKEN_BURGER,15,78,0,0,0,49294,45.89913845140756,nisi,91115,사용자 중심의 확장 허브,2023-11-13,ACTIVE,UNDECIDED,137,2023-11-07 14:45:38.835766,2023-11-07 14:45:38.835766
quia,권이,KOREAN,20,121,0,0,0,41448,48.92295558732193,fugit,81148,독보적인 교훈적 태도,2023-11-23,ACTIVE,UNDECIDED,71,2023-11-07 14:45:38.835766,2023-11-07 14:45:38.835766
saepe,(유) 최조지,SNACKS_LATE_NIGHT,14,43,0,0,0,38028,58.056119297626395,et,90664,크로스 플랫폼 밀착 포탈,2023-11-29,ACTIVE,UNDECIDED,76,2023-11-07 14:45:38.835766,2023-11-07 14:45:38.835766
tenetur,최노김,JAPANESE_SUSHI,8,148,0,0,0,43042,43.9528100421897,accusantium,76796,설정 가능한 지역적 어댑터,2023-12-07,ACTIVE,UNDECIDED,55,2023-11-07 14:45:38.835766,2023-11-07 14:45:38.835766
maxime,구이유,CAFE_DESSERT,11,100,0,0,0,41610,24.112272254746404,omnis,54831,출판된 헌신적 태도,2023-11-29,ACTIVE,UNDECIDED,111,2023-11-07 14:45:38.835766,2023-11-07 14:45:38.835766
dolor,진김,CHICKEN_BURGER,10,182,0,0,0,35461,41.32179438386312,nisi,60433,공유 가능한 물류 컨셉,2023-12-07,ACTIVE,UNDECIDED,120,2023-11-07 14:45:38.835766,2023-11-07 14:45:38.835766
suscipit,김박,CHINESE,13,113,0,0,0,22393,76.6844017783701,doloribus,96043,숙련된 분리된 시간화,2023-11-20,ACTIVE,UNDECIDED,94,2023-11-07 14:45:38.835766,2023-11-07 14:45:38.835766
fuga,(주) 김,CHINESE,9,30,0,0,0,21821,62.66020979140643,laboriosam,58439,가상 물류 환경,2023-12-02,ACTIVE,UNDECIDED,141,2023-11-07 14:45:38.835766,2023-11-07 14:45:38.835766
nihil,(주) 장,KOREAN,7,167,0,0,0,40607,49.861092247095286,dolore,80989,더 커진 분석중인 정책,2023-11-14,ACTIVE,UNDECIDED,120,2023-11-07 14:45:38.835766,2023-11-07 14:45:38.835766
beatae,(주) 박김김,CHINESE,19,149,0,0,0,31004,57.91159860990444,culpa,73664,트리플 버퍼 4세대 아카이브,2023-11-17,ACTIVE,UNDECIDED,119,2023-11-07 14:45:38.835766,2023-11-07 14:45:38.835766
voluptatem,유한회사 배,KOREAN,16,186,0,0,0,48185,41.16677452045763,magni,81901,적응된 비대칭 서비스 창구,2023-11-26,ACTIVE,UNDECIDED,108,2023-11-07 14:45:38.835766,2023-11-07 14:45:38.835766
eveniet,강이고,JAPANESE_SUSHI,20,133,0,0,0,18698,80.17641695468714,numquam,94322,인체 공학적인 주파수 탐지 가능 서비스 창구,2023-11-27,ACTIVE,UNDECIDED,113,2023-11-07 14:45:38.836766,2023-11-07 14:45:38.836766
rem,(주) 김,WESTERN,15,164,0,0,0,30355,69.15737814852824,inventore,98419,자동화된 취약점 어플리케이션,2023-11-16,ACTIVE,UNDECIDED,90,2023-11-07 14:45:38.836766,2023-11-07 14:45:38.836766
quibusdam,박박송,SNACKS_LATE_NIGHT,15,176,0,0,0,27911,57.48838626151854,soluta,65655,최적화된 장거리 설치과정,2023-12-07,ACTIVE,UNDECIDED,98,2023-11-07 14:45:38.836766,2023-11-07 14:45:38.836766
consectetur,오황김,CAFE_DESSERT,6,197,0,0,0,26767,63.2674626046384,sequi,72870,낮은 분리된 알고리즘,2023-12-04,ACTIVE,UNDECIDED,127,2023-11-07 14:45:38.836766,2023-11-07 14:45:38.836766
quibusdam,유한회사 이,ASIAN,10,126,0,0,0,22682,75.04648118199721,odit,90897,관리된 결합된 하드웨어,2023-11-22,ACTIVE,UNDECIDED,115,2023-11-07 14:45:38.836766,2023-11-07 14:45:38.836766
nostrum,(주) 김,ASIAN,19,108,0,0,0,29747,61.273986512875254,eligendi,76814,특별한 멀티미디어 엔진,2023-11-12,ACTIVE,UNDECIDED,131,2023-11-07 14:45:38.836766,2023-11-07 14:45:38.836766
sequi,민황구,SNACKS_LATE_NIGHT,13,34,0,0,0,17998,79.18343742771224,nostrum,86460,복제된 선구적 설치과정,2023-11-22,ACTIVE,UNDECIDED,93,2023-11-07 14:45:38.836766,2023-11-07 14:45:38.836766
officiis,장나,KOREAN,8,167,0,0,0,42694,33.121338387794104,unde,63838,공개 키 고도 기반 펌웨어,2023-11-30,ACTIVE,UNDECIDED,129,2023-11-07 14:45:38.836766,2023-11-07 14:45:38.836766
et,김박,ASIAN,5,51,0,0,0,11246,88.39673548560168,voluptatum,96921,강화된 확장 융합,2023-11-10,ACTIVE,UNDECIDED,116,2023-11-07 14:45:38.836766,2023-11-07 14:45:38.836766
provident,이김,SNACKS_LATE_NIGHT,13,42,0,0,0,43567,22.85886289994157,accusamus,56477,1:1 작동 GUI,2023-12-01,ACTIVE,UNDECIDED,144,2023-11-07 14:45:38.836766,2023-11-07 14:45:38.836766
labore,서김,CHINESE,16,131,0,0,0,22591,77.23714041009623,minus,99245,설정 가능한 5세대 도전,2023-11-11,ACTIVE,UNDECIDED,108,2023-11-07 14:45:38.836766,2023-11-07 14:45:38.836766
ab,박김,KOREAN,10,135,0,0,0,26835,69.18350941662838,iste,87080,완벽히 설정된 최대화 그래픽 인터페이스,2023-12-03,ACTIVE,UNDECIDED,53,2023-11-07 14:45:38.836766,2023-11-07 14:45:38.836766
eius,성백,CHINESE,20,134,0,0,0,22657,67.84462326677169,sequi,70461,독보적인 클라이언트 단 지식 기반,2023-11-16,ACTIVE,UNDECIDED,102,2023-11-07 14:45:38.836766,2023-11-07 14:45:38.836766
atque,주식회사 엄홍박,ASIAN,11,184,0,0,0,34277,51.373244431834294,necessitatibus,70490,강화된 4세대 능력,2023-11-19,ACTIVE,UNDECIDED,58,2023-11-07 14:45:38.836766,2023-11-07 14:45:38.836766
tempore,(주) 차,SNACKS_LATE_NIGHT,20,165,0,0,0,35400,62.31035400585574,maxime,93925,확장된 로컬 프레임,2023-11-29,ACTIVE,UNDECIDED,85,2023-11-07 14:45:38.836766,2023-11-07 14:45:38.836766
nisi,(유) 이,SNACKS_LATE_NIGHT,17,98,0,0,0,35072,44.85447884400698,itaque,63599,공개 아키텍쳐 모듈형 미디어 정보,2023-12-02,ACTIVE,UNDECIDED,87,2023-11-07 14:45:38.836766,2023-11-07 14:45:38.836766
reiciendis,(유) 박,KOREAN,12,179,0,0,0,42691,49.765247167080474,suscipit,84983,크로스 그룹 방향 배열,2023-12-06,ACTIVE,UNDECIDED,52,2023-11-07 14:45:38.836766,2023-11-07 14:45:38.836766
quia,주식회사 박,WESTERN,5,35,0,0,0,32381,66.1470748128633,blanditiis,95652,트리플 버퍼 역수 코어,2023-12-03,ACTIVE,UNDECIDED,140,2023-11-07 14:45:38.836766,2023-11-07 14:45:38.836766
quis,유한회사 나,CAFE_DESSERT,10,74,0,0,0,37876,47.97395675942969,nesciunt,72802,특별한 잘 모듈화된 미들웨어,2023-12-07,ACTIVE,UNDECIDED,136,2023-11-07 14:45:38.836766,2023-11-07 14:45:38.836766
beatae,(주) 김,SNACKS_LATE_NIGHT,14,190,0,0,0,35122,39.60414767939745,architecto,58153,융합력있는 상황에 맞는 안내 창구,2023-11-10,ACTIVE,UNDECIDED,118,2023-11-07 14:45:38.836766,2023-11-07 14:45:38.836766
quos,유한회사 홍,ASIAN,18,119,0,0,0,43585,50.474404863360036,laboriosam,88005,가상 국가적 설치과정,2023-11-09,ACTIVE,UNDECIDED,93,2023-11-07 14:45:38.837766,2023-11-07 14:45:38.837766
at,김김,CAFE_DESSERT,19,52,0,0,0,36241,44.43524523557641,vel,65223,낮은 휴대형 분석,2023-12-01,ACTIVE,UNDECIDED,94,2023-11-07 14:45:38.837766,2023-11-07 14:45:38.837766
maxime,이김배,KOREAN,10,86,0,0,0,25403,65.44138653461576,veritatis,73507,공개 키 클라이언트 단 인터페이스,2023-11-28,ACTIVE,UNDECIDED,57,2023-11-07 14:45:38.837766,2023-11-07 14:45:38.837766
eaque,(주) 최이노,CHICKEN_BURGER,6,152,0,0,0,34685,37.44815148782687,voluptates,55450,확대된 취약점 어플리케이션,2023-11-11,ACTIVE,UNDECIDED,97,2023-11-07 14:45:38.837766,2023-11-07 14:45:38.837766
corporis,배김,SNACKS_LATE_NIGHT,6,87,0,0,0,49473,19.52861952861953,esse,61479,프로그래밍 가능한 문맥 기반 미들웨어,2023-12-03,ACTIVE,UNDECIDED,72,2023-11-07 14:45:38.837766,2023-11-07 14:45:38.837766
quas,(유) 하,WESTERN,15,108,0,0,0,39788,58.5671144434031,dolores,96030,리버스 엔지니어링된 해답 기반 접근,2023-11-22,ACTIVE,UNDECIDED,117,2023-11-07 14:45:38.837766,2023-11-07 14:45:38.837766
nulla,주식회사 김,CHINESE,11,71,0,0,0,35939,44.083829913027245,iusto,64273,멀티 레이어 분석중인 시간화,2023-12-02,ACTIVE,UNDECIDED,108,2023-11-07 14:45:38.837766,2023-11-07 14:45:38.837766
recusandae,곽김,ASIAN,17,150,0,0,0,33463,56.96077170418007,maxime,77750,더 작아진 웹 사용 가능 패러다임,2023-11-30,ACTIVE,UNDECIDED,58,2023-11-07 14:45:38.837766,2023-11-07 14:45:38.837766
dicta,주식회사 이,ASIAN,13,183,0,0,0,15574,75.52296980841466,magnam,63627,총 최적화된 제품,2023-12-05,ACTIVE,UNDECIDED,125,2023-11-07 14:45:38.837766,2023-11-07 14:45:38.837766
voluptate,유한회사 최,KOREAN,10,155,0,0,0,42978,46.759328080868144,temporibus,80724,자동화된 24시간 예산 관리,2023-12-03,ACTIVE,UNDECIDED,67,2023-11-07 14:45:38.837766,2023-11-07 14:45:38.837766
laudantium,주식회사 최,CHINESE,12,83,0,0,0,44630,20.34055617034948,reiciendis,56026,트리플 버퍼 필수 표준,2023-11-10,ACTIVE,UNDECIDED,96,2023-11-07 14:45:38.837766,2023-11-07 14:45:38.837766
quia,유한회사 박조이,SNACKS_LATE_NIGHT,17,102,0,0,0,17586,81.60421766145735,delectus,95598,멀티 채널 지역적 미디어 정보,2023-12-02,ACTIVE,UNDECIDED,145,2023-11-07 14:45:38.837766,2023-11-07 14:45:38.837766
quis,(유) 이송최,SNACKS_LATE_NIGHT,16,134,0,0,0,40655,57.490301870614935,sint,95637,최적화된 멀티미디어 프레임,2023-11-14,ACTIVE,UNDECIDED,58,2023-11-07 14:45:38.837766,2023-11-07 14:45:38.837766
dolores,(유) 김김이,CHICKEN_BURGER,15,90,0,0,0,47530,39.69498578968737,officia,78816,줄어든 취약점 접근,2023-12-05,ACTIVE,UNDECIDED,67,2023-11-07 14:45:38.837766,2023-11-07 14:45:38.837766
est,유한회사 박배김,CHICKEN_BURGER,7,184,0,0,0,15244,83.94591065147334,iste,94954,안전한 정적 유연성,2023-12-06,ACTIVE,UNDECIDED,86,2023-11-07 14:45:38.837766,2023-11-07 14:45:38.837766
illum,서김이,WESTERN,9,144,0,0,0,28278,68.43162865467698,ut,89577,유저 친화적 스며든 설치과정,2023-11-23,ACTIVE,UNDECIDED,93,2023-11-07 14:45:38.837766,2023-11-07 14:45:38.837766
voluptas,유한회사 김이류,CAFE_DESSERT,14,99,0,0,0,13397,85.60050731958985,nam,93038,진보적인 교훈적 예보,2023-11-25,ACTIVE,UNDECIDED,88,2023-11-07 14:45:38.837766,2023-11-07 14:45:38.837766
assumenda,(유) 안송박,JAPANESE_SUSHI,20,159,0,0,0,38885,27.907968408172344,ipsa,53938,설정 가능한 국가적 솔루션,2023-11-11,ACTIVE,UNDECIDED,68,2023-11-07 14:45:38.837766,2023-11-07 14:45:38.837766
temporibus,유한회사 장,CHICKEN_BURGER,11,70,0,0,0,15405,83.12539023562016,quae,91291,객체 기반의 글로벌 하드웨어,2023-11-10,ACTIVE,UNDECIDED,141,2023-11-07 14:45:38.837766,2023-11-07 14:45:38.837766
similique,(유) 안김박,CAFE_DESSERT,15,136,0,0,0,46265,42.98688815497609,quia,81148,확장된 장거리 암호화,2023-12-07,ACTIVE,UNDECIDED,127,2023-11-07 14:45:38.838766,2023-11-07 14:45:38.838766
ut,주식회사 한안이,CHINESE,19,167,0,0,0,35681,56.90908651755954,consequatur,82804,특별한 잘 모듈화된 연합,2023-12-04,ACTIVE,UNDECIDED,61,2023-11-07 14:45:38.838766,2023-11-07 14:45:38.838766
quisquam,(유) 이허배,CHINESE,14,182,0,0,0,36639,51.84971022301658,quia,76093,공유 가능한 분석중인 GUI,2023-11-21,ACTIVE,UNDECIDED,101,2023-11-07 14:45:38.838766,2023-11-07 14:45:38.838766
eveniet,주식회사 차이홍,WESTERN,9,116,0,0,0,33976,60.28614176173556,maxime,85552,중심이 무관용 아키텍쳐,2023-12-04,ACTIVE,UNDECIDED,70,2023-11-07 14:45:38.838766,2023-11-07 14:45:38.838766
nobis,홍김,SNACKS_LATE_NIGHT,5,48,0,0,0,16953,74.21165518185552,corporis,65739,확대된 방향 모델,2023-11-25,ACTIVE,UNDECIDED,85,2023-11-07 14:45:38.838766,2023-11-07 14:45:38.838766
praesentium,유한회사 이김김,ASIAN,16,144,0,0,0,13165,82.43448791161873,sed,74948,안정적인 주파수 탐지 가능 공개 시스템,2023-11-24,ACTIVE,UNDECIDED,94,2023-11-07 14:45:38.838766,2023-11-07 14:45:38.838766
impedit,유한회사 김안김,WESTERN,7,94,0,0,0,32441,53.71258168535798,dolores,70086,낮은 보조 컨셉,2023-11-21,ACTIVE,UNDECIDED,117,2023-11-07 14:45:38.838766,2023-11-07 14:45:38.838766
voluptatum,곽권이,SNACKS_LATE_NIGHT,11,105,0,0,0,31532,56.751567021904016,facere,72909,강화된 분리된 소프트웨어,2023-11-24,ACTIVE,UNDECIDED,72,2023-11-07 14:45:38.838766,2023-11-07 14:45:38.838766
praesentium,오이,WESTERN,19,175,0,0,0,12815,86.68045566041658,ducimus,96212,관리된 상황에 맞는 접근,2023-11-16,ACTIVE,UNDECIDED,87,2023-11-07 14:45:38.838766,2023-11-07 14:45:38.838766
assumenda,주식회사 황박정,SNACKS_LATE_NIGHT,10,156,0,0,0,22757,62.9219890510949,nisi,61376,1:1 그리드 가능 엔진,2023-11-22,ACTIVE,UNDECIDED,117,2023-11-07 14:45:38.838766,2023-11-07 14:45:38.838766
expedita,유한회사 김이류,CAFE_DESSERT,5,173,0,0,0,46748,40.94417564648366,ex,79159,품질 중심의 3세대 지원,2023-11-16,ACTIVE,UNDECIDED,128,2023-11-07 14:45:38.838766,2023-11-07 14:45:38.838766
dolor,문김한,CHINESE,16,166,0,0,0,45029,23.74557585815651,dolor,59051,자가 이용 가능한 선구적 서비스 창구,2023-11-30,ACTIVE,UNDECIDED,67,2023-11-07 14:45:38.838766,2023-11-07 14:45:38.838766
numquam,유한회사 서,KOREAN,7,84,0,0,0,19722,67.46296235193189,corrupti,60614,출판된 무관용 웹 사이트,2023-12-05,ACTIVE,UNDECIDED,98,2023-11-07 14:45:38.838766,2023-11-07 14:45:38.838766
et,이김,CHICKEN_BURGER,7,72,0,0,0,14255,80.69552970491448,aspernatur,73843,다중 주파수 수요 중심 연합,2023-11-13,ACTIVE,UNDECIDED,135,2023-11-07 14:45:38.838766,2023-11-07 14:45:38.838766
numquam,(주) 박김김,JAPANESE_SUSHI,14,181,0,0,0,28168,54.710185706246484,recusandae,62195,모니터링되는 객체 지향적 전략,2023-11-25,ACTIVE,UNDECIDED,143,2023-11-07 14:45:38.838766,2023-11-07 14:45:38.838766
quo,이한,JAPANESE_SUSHI,19,152,0,0,0,30118,64.9705160562463,architecto,85979,비즈니스 중점적 고도 기반 어플리케이션,2023-12-04,ACTIVE,UNDECIDED,140,2023-11-07 14:45:38.838766,2023-11-07 14:45:38.838766
perspiciatis,한김홍,CHINESE,15,54,0,0,0,25727,66.46855653307267,eius,76725,재정렬 필수 환경,2023-11-21,ACTIVE,UNDECIDED,140,2023-11-07 14:45:38.838766,2023-11-07 14:45:38.838766
vel,주식회사 이류이,CAFE_DESSERT,9,177,0,0,0,31632,67.77965652820502,asperiores,98174,중심이 클라이언트 단 제품,2023-12-04,ACTIVE,UNDECIDED,119,2023-11-07 14:45:38.838766,2023-11-07 14:45:38.838766
doloribus,유한회사 이,KOREAN,16,142,0,0,0,22234,73.68196775644516,magni,84482,복제된 문맥 기반 마이그레이션,2023-11-23,ACTIVE,UNDECIDED,110,2023-11-07 14:45:38.839765,2023-11-07 14:45:38.839765
fugiat,유한회사 송,CAFE_DESSERT,9,146,0,0,0,44943,49.7708882828915,facere,89476,다양한 정적 알고리즘,2023-11-26,ACTIVE,UNDECIDED,106,2023-11-07 14:45:38.839765,2023-11-07 14:45:38.839765
cupiditate,서서,JAPANESE_SUSHI,19,193,0,0,0,20878,77.00787401574803,sunt,90805,멀티 채널 밀착 웹 사이트,2023-11-14,ACTIVE,UNDECIDED,150,2023-11-07 14:45:38.839765,2023-11-07 14:45:38.839765
cumque,이최임,WESTERN,20,142,0,0,0,27286,56.8457511584874,voluptatem,63229,안전한 역수 표준,2023-12-04,ACTIVE,UNDECIDED,87,2023-11-07 14:45:38.839765,2023-11-07 14:45:38.839765
quia,주식회사 김,ASIAN,11,44,0,0,0,31389,55.037815848278235,vel,69812,더 작아진 4세대 그래픽 인터페이스,2023-11-27,ACTIVE,UNDECIDED,91,2023-11-07 14:45:38.839765,2023-11-07 14:45:38.839765
culpa,손김한,SNACKS_LATE_NIGHT,15,101,0,0,0,29023,64.96076300857177,deserunt,82830,가상 상황에 맞는 시너지,2023-11-18,ACTIVE,UNDECIDED,125,2023-11-07 14:45:38.839765,2023-11-07 14:45:38.839765
molestias,(주) 김최이,CHICKEN_BURGER,7,40,0,0,0,47259,24.306879154320495,magni,62435,크로스 플랫폼 역수 허브,2023-11-15,ACTIVE,UNDECIDED,75,2023-11-07 14:45:38.839765,2023-11-07 14:45:38.839765
sed,(주) 배,KOREAN,13,189,0,0,0,39355,43.57220692819454,consequuntur,69744,더 작아진 필수 접근,2023-11-21,ACTIVE,UNDECIDED,96,2023-11-07 14:45:38.839765,2023-11-07 14:45:38.839765
deserunt,김최김,CHINESE,15,162,0,0,0,21333,77.76538641930273,blanditiis,95945,공개 아키텍쳐 최적화된 허브,2023-12-07,ACTIVE,UNDECIDED,138,2023-11-07 14:45:38.839765,2023-11-07 14:45:38.839765
impedit,유한회사 권,WESTERN,9,39,0,0,0,30125,65.06557814293832,reiciendis,86233,총 웹 사용 가능 컨셉,2023-11-29,ACTIVE,UNDECIDED,113,2023-11-07 14:45:38.839765,2023-11-07 14:45:38.839765
fugiat,이윤김,CHINESE,15,106,0,0,0,47924,34.98833360464486,perspiciatis,73716,낮은 백그라운드 프레임워크,2023-11-20,ACTIVE,UNDECIDED,137,2023-11-07 14:45:38.839765,2023-11-07 14:45:38.839765
facere,(유) 한,CAFE_DESSERT,17,127,0,0,0,32587,67.0595489603445,dolor,98927,더 작아진 물류 아카이브,2023-11-13,ACTIVE,UNDECIDED,87,2023-11-07 14:45:38.839765,2023-11-07 14:45:38.839765
sit,(유) 이김김,ASIAN,7,97,0,0,0,29476,64.3186577733661,reiciendis,82609,사용자 중심의 클라이언트-서버 능력,2023-11-19,ACTIVE,UNDECIDED,66,2023-11-07 14:45:38.839765,2023-11-07 14:45:38.839765
sit,(유) 손김강,JAPANESE_SUSHI,19,142,0,0,0,41136,52.35469897380064,iure,86338,공개 아키텍쳐 다중 상태 엑스트라넷,2023-11-10,ACTIVE,UNDECIDED,139,2023-11-07 14:45:38.839765,2023-11-07 14:45:38.839765
quaerat,허김,WESTERN,5,148,0,0,0,11564,85.53433156953253,id,79941,크로스 그룹 로컬 회로,2023-11-14,ACTIVE,UNDECIDED,92,2023-11-07 14:45:38.839765,2023-11-07 14:45:38.839765
facere,한안,CHINESE,20,108,0,0,0,23519,64.96447139090408,perspiciatis,67129,확장된 멀티 태스킹 우연성,2023-11-30,ACTIVE,UNDECIDED,144,2023-11-07 14:45:38.839765,2023-11-07 14:45:38.839765
quae,(주) 장이이,JAPANESE_SUSHI,20,184,0,0,0,44933,24.600204722031112,aliquid,59593,효율적인 방향 정의,2023-11-23,ACTIVE,UNDECIDED,134,2023-11-07 14:45:38.839765,2023-11-07 14:45:38.839765
fugiat,(주) 정,ASIAN,18,137,0,0,0,18515,79.68977962067112,animi,91161,미래가 보장된 로컬 어플리케이션,2023-12-03,ACTIVE,UNDECIDED,73,2023-11-07 14:45:38.839765,2023-11-07 14:45:38.839765
laudantium,이김홍,WESTERN,13,48,0,0,0,42685,36.90690868241346,error,67654,최적화된 취약점 공개 시스템,2023-11-22,ACTIVE,UNDECIDED,91,2023-11-07 14:45:38.839765,2023-11-07 14:45:38.839765
blanditiis,유한회사 권,CAFE_DESSERT,8,65,0,0,0,24546,58.94905843395658,hic,59794,강화된 스며든 태도,2023-11-15,ACTIVE,UNDECIDED,95,2023-11-07 14:45:38.840766,2023-11-07 14:45:38.840766
excepturi,김이안,CHINESE,5,30,0,0,0,28809,68.83930213189404,ab,92453,객체 기반의 고도 기반 회로,2023-11-22,ACTIVE,UNDECIDED,127,2023-11-07 14:45:38.840766,2023-11-07 14:45:38.840766
nobis,이박한,CAFE_DESSERT,14,158,0,0,0,13485,84.9569960844684,dolorum,89643,자동화된 범국가적 고객 만족,2023-11-21,ACTIVE,UNDECIDED,92,2023-11-07 14:45:38.840766,2023-11-07 14:45:38.840766
tenetur,주식회사 안김박,ASIAN,5,108,0,0,0,24578,64.45646357864901,adipisci,69149,더 커진 24/7 프레임워크,2023-12-07,ACTIVE,UNDECIDED,79,2023-11-07 14:45:38.840766,2023-11-07 14:45:38.840766
occaecati,이박이,CHICKEN_BURGER,16,33,0,0,0,35961,49.66829022505878,ea,71448,선택적 밀착 태도,2023-12-05,ACTIVE,UNDECIDED,66,2023-11-07 14:45:38.840766,2023-11-07 14:45:38.840766
dolorum,한박김,SNACKS_LATE_NIGHT,11,171,0,0,0,40999,28.105984884353024,praesentium,57027,중심이 환경 친화적 고객 만족,2023-12-04,ACTIVE,UNDECIDED,65,2023-11-07 14:45:38.840766,2023-11-07 14:45:38.840766
voluptas,조김,SNACKS_LATE_NIGHT,16,134,0,0,0,31752,40.338218714768885,beatae,53220,진보적인 다이나믹 마이그레이션,2023-12-06,ACTIVE,UNDECIDED,145,2023-11-07 14:45:38.840766,2023-11-07 14:45:38.840766
eos,성홍권,SNACKS_LATE_NIGHT,6,45,0,0,0,40828,30.218089833868873,labore,58508,더 커진 분리형 그래픽 인터페이스,2023-11-23,ACTIVE,UNDECIDED,88,2023-11-07 14:45:38.840766,2023-11-07 14:45:38.840766
odit,(주) 박,CHICKEN_BURGER,14,80,0,0,0,39039,31.755965387640938,magni,57205,객체 기반의 웹 사용 가능 예산 관리,2023-11-22,ACTIVE,UNDECIDED,83,2023-11-07 14:45:38.840766,2023-11-07 14:45:38.840766
blanditiis,윤김,CAFE_DESSERT,7,64,0,0,0,40353,55.84527847685743,debitis,91390,1:1 필수 설치과정,2023-11-21,ACTIVE,UNDECIDED,107,2023-11-07 14:45:38.840766,2023-11-07 14:45:38.840766
culpa,유한회사 양,CHINESE,20,110,0,0,0,14718,75.95333790804824,qui,61206,숙련된 웹 사용 가능 암호화,2023-12-07,ACTIVE,UNDECIDED,100,2023-11-07 14:45:38.840766,2023-11-07 14:45:38.840766
quasi,김류최,SNACKS_LATE_NIGHT,11,112,0,0,0,30601,59.5021307006167,nulla,75562,강력한 분리형 접근,2023-12-02,ACTIVE,UNDECIDED,90,2023-11-07 14:45:38.840766,2023-11-07 14:45:38.840766
veritatis,주식회사 윤,WESTERN,5,192,0,0,0,26774,62.67339569769549,quod,71729,강력한 주파수 탐지 가능 어플리케이션,2023-11-20,ACTIVE,UNDECIDED,58,2023-11-07 14:45:38.840766,2023-11-07 14:45:38.840766
maiores,(주) 손,CHICKEN_BURGER,19,193,0,0,0,34492,51.739191269063944,at,71470,무결점의 취약점 접근,2023-11-13,ACTIVE,UNDECIDED,97,2023-11-07 14:45:38.840766,2023-11-07 14:45:38.840766
accusantium,주식회사 허김윤,SNACKS_LATE_NIGHT,16,42,0,0,0,44555,32.5312698749205,recusandae,66038,자동화된 결정 인터페이스,2023-11-26,ACTIVE,UNDECIDED,80,2023-11-07 14:45:38.840766,2023-11-07 14:45:38.840766
numquam,주식회사 이,WESTERN,18,115,0,0,0,46378,50.36707262258942,dignissimos,93442,변경 가능한 클라이언트 단 데이터베이스,2023-11-14,ACTIVE,UNDECIDED,67,2023-11-07 14:45:38.840766,2023-11-07 14:45:38.840766
culpa,(주) 오이백,KOREAN,6,74,0,0,0,29498,62.64657464860074,corrupti,78970,미래가 보장된 다중 상태 에뮬레이션,2023-12-01,ACTIVE,UNDECIDED,130,2023-11-07 14:45:38.840766,2023-11-07 14:45:38.840766
laboriosam,주식회사 최,KOREAN,11,96,0,0,0,46250,34.79854512645558,quos,70934,모니터링되는 멀티미디어 지식 기반,2023-11-17,ACTIVE,UNDECIDED,62,2023-11-07 14:45:38.840766,2023-11-07 14:45:38.840766
iste,(유) 이,JAPANESE_SUSHI,17,40,0,0,0,35523,49.48450676184923,optio,70321,멀티 레이어 역수 미디어 정보,2023-12-05,ACTIVE,UNDECIDED,133,2023-11-07 14:45:38.840766,2023-11-07 14:45:38.840766
accusantium,(주) 이,KOREAN,16,194,0,0,0,23142,54.24402396346165,cum,50577,객체 기반의 장거리 관리자,2023-12-07,ACTIVE,UNDECIDED,110,2023-11-07 14:45:38.840766,2023-11-07 14:45:38.840766
praesentium,송김,KOREAN,9,32,0,0,0,31006,62.47609826939369,recusandae,82630,오픈소스 주파수 탐지 가능 접근,2023-11-09,ACTIVE,UNDECIDED,149,2023-11-07 14:45:38.841765,2023-11-07 14:45:38.841765
sint,(유) 지엄김,CHINESE,19,70,0,0,0,47536,46.236583462456316,facilis,88417,품질 중심의 5세대 연합,2023-11-29,ACTIVE,UNDECIDED,83,2023-11-07 14:45:38.841765,2023-11-07 14:45:38.841765
a,유한회사 김박김,CHICKEN_BURGER,14,109,0,0,0,15103,84.36671911228883,error,96608,유저 친화적 3세대 프로젝트,2023-11-14,ACTIVE,UNDECIDED,53,2023-11-07 14:45:38.841765,2023-11-07 14:45:38.841765
cumque,(주) 이,KOREAN,14,170,0,0,0,19957,77.41398822996831,odio,88360,복제된 최적화된 그래픽 인터페이스,2023-12-06,ACTIVE,UNDECIDED,104,2023-11-07 14:45:38.841765,2023-11-07 14:45:38.841765
earum,유한회사 김김김,SNACKS_LATE_NIGHT,7,113,0,0,0,11479,85.86121101640637,recusandae,81188,모니터링되는 헌신적 보안구역,2023-11-11,ACTIVE,UNDECIDED,66,2023-11-07 14:45:38.841765,2023-11-07 14:45:38.841765
veritatis,유한회사 오,CHINESE,14,174,0,0,0,44913,36.39646529016909,necessitatibus,70614,최전방 최적화된 그래픽 인터페이스,2023-11-20,ACTIVE,UNDECIDED,66,2023-11-07 14:45:38.841765,2023-11-07 14:45:38.841765
reiciendis,박이박,ASIAN,11,88,0,0,0,33764,51.1890477498446,esse,69173,숙련된 작동 시간화,2023-11-08,ACTIVE,UNDECIDED,102,2023-11-07 14:45:38.841765,2023-11-07 14:45:38.841765
iure,홍이허,ASIAN,9,145,0,0,0,47669,48.812361746451046,vitae,93126,숙련된 비동기 정책,2023-12-06,ACTIVE,UNDECIDED,56,2023-11-07 14:45:38.841765,2023-11-07 14:45:38.841765
eos,김최한,CAFE_DESSERT,13,106,0,0,0,46807,51.717984424158026,beatae,96945,트리플 버퍼 헌신적 접근,2023-11-19,ACTIVE,UNDECIDED,99,2023-11-07 14:45:38.841765,2023-11-07 14:45:38.841765
enim,김김박,SNACKS_LATE_NIGHT,16,43,0,0,0,23971,55.59281215264913,facere,53980,동기화 잘 모듈화된 환경,2023-12-04,ACTIVE,UNDECIDED,84,2023-11-07 14:45:38.841765,2023-11-07 14:45:38.841765
vero,유한회사 최,CHICKEN_BURGER,14,81,0,0,0,41660,56.46130532476354,magni,95685,공유 가능한 주파수 탐지 가능 아카이브,2023-11-08,ACTIVE,UNDECIDED,57,2023-11-07 14:45:38.842769,2023-11-07 14:45:38.842769
aperiam,(주) 이최이,KOREAN,11,41,0,0,0,45306,49.79833348107437,recusandae,90248,총 확장 함수,2023-12-05,ACTIVE,UNDECIDED,142,2023-11-07 14:45:38.842769,2023-11-07 14:45:38.842769
totam,엄이김,CHINESE,5,113,0,0,0,16742,80.97478380436142,soluta,87999,확장된 멀티미디어 아키텍쳐,2023-11-10,ACTIVE,UNDECIDED,62,2023-11-07 14:45:38.842769,2023-11-07 14:45:38.842769
voluptatibus,(유) 이,JAPANESE_SUSHI,15,163,0,0,0,25473,53.303391384051324,quibusdam,54550,다중 주파수 근본적 분석,2023-11-27,ACTIVE,UNDECIDED,148,2023-11-07 14:45:38.842769,2023-11-07 14:45:38.842769
placeat,주식회사 백,CHICKEN_BURGER,12,145,0,0,0,34156,64.57912038909457,hic,96429,디지털화된 백그라운드 예산 관리,2023-11-16,ACTIVE,UNDECIDED,90,2023-11-07 14:45:38.842769,2023-11-07 14:45:38.842769
veniam,오이,WESTERN,17,33,0,0,0,40797,31.496935605742593,quisquam,59555,진보적인 인간자원 예보,2023-11-22,ACTIVE,UNDECIDED,97,2023-11-07 14:45:38.842769,2023-11-07 14:45:38.842769
sit,(주) 이이양,ASIAN,13,70,0,0,0,45489,51.49443917211376,nemo,93781,독보적인 작동 유연성,2023-12-06,ACTIVE,UNDECIDED,137,2023-11-07 14:45:38.842769,2023-11-07 14:45:38.842769
aliquid,문이,CHINESE,10,142,0,0,0,21335,72.61583878834553,architecto,77910,객체 기반의 범국가적 프로토콜,2023-11-22,ACTIVE,UNDECIDED,125,2023-11-07 14:45:38.842769,2023-11-07 14:45:38.842769
voluptatibus,이안이,CHICKEN_BURGER,5,109,0,0,0,20726,77.88518992744345,labore,93720,반동적인 6세대 접근,2023-11-17,ACTIVE,UNDECIDED,53,2023-11-07 14:45:38.842769,2023-11-07 14:45:38.842769
doloremque,(유) 박,JAPANESE_SUSHI,20,174,0,0,0,18077,78.74519394701878,mollitia,85049,품질 중심의 필수 정의,2023-11-19,ACTIVE,UNDECIDED,53,2023-11-07 14:45:38.842769,2023-11-07 14:45:38.842769
possimus,최장,WESTERN,16,181,0,0,0,41840,54.010354265363766,commodi,90977,최전방 글로벌 GUI,2023-12-01,ACTIVE,UNDECIDED,123,2023-11-07 14:45:38.842769,2023-11-07 14:45:38.842769
autem,송안김,CHINESE,17,146,0,0,0,20865,70.10188143923654,maxime,69787,더 커진 필수 프레임,2023-12-03,ACTIVE,UNDECIDED,120,2023-11-07 14:45:38.842769,2023-11-07 14:45:38.842769
officiis,김박,CHINESE,20,179,0,0,0,20056,72.6921191656228,optio,73444,트리플 버퍼 선구적 보안구역,2023-12-05,ACTIVE,UNDECIDED,123,2023-11-07 14:45:38.842769,2023-11-07 14:45:38.842769
modi,김박박,CAFE_DESSERT,12,108,0,0,0,15600,70.45902136039994,necessitatibus,52808,업그레이드 가능한 고도 기반 프로젝트,2023-11-14,ACTIVE,UNDECIDED,115,2023-11-07 14:45:38.842769,2023-11-07 14:45:38.842769
provident,(유) 김배이,CHINESE,11,81,0,0,0,41857,55.779876605814735,dolorem,94656,조절 가능한 수요 중심 연합,2023-12-06,ACTIVE,UNDECIDED,68,2023-11-07 14:45:38.842769,2023-11-07 14:45:38.842769
