funding_tag,funding_id,created_date,modified_date
autem,611,2023-11-07 15:03:58.986005,2023-11-07 15:03:58.986005
alias,874,2023-11-07 15:03:58.986005,2023-11-07 15:03:58.986005
praesentium,904,2023-11-07 15:03:58.986005,2023-11-07 15:03:58.986005
eaque,676,2023-11-07 15:03:58.986005,2023-11-07 15:03:58.986005
numquam,961,2023-11-07 15:03:58.986005,2023-11-07 15:03:58.986005
fugit,784,2023-11-07 15:03:58.986005,2023-11-07 15:03:58.986005
repellendus,807,2023-11-07 15:03:58.986005,2023-11-07 15:03:58.986005
temporibus,866,2023-11-07 15:03:58.986005,2023-11-07 15:03:58.986005
optio,870,2023-11-07 15:03:58.986005,2023-11-07 15:03:58.986005
molestiae,910,2023-11-07 15:03:58.986005,2023-11-07 15:03:58.986005
facilis,937,2023-11-07 15:03:58.986005,2023-11-07 15:03:58.986005
quae,1094,2023-11-07 15:03:58.986005,2023-11-07 15:03:58.986005
debitis,966,2023-11-07 15:03:58.986005,2023-11-07 15:03:58.986005
possimus,773,2023-11-07 15:03:58.986005,2023-11-07 15:03:58.986005
deleniti,791,2023-11-07 15:03:58.986005,2023-11-07 15:03:58.986005
earum,775,2023-11-07 15:03:58.986005,2023-11-07 15:03:58.986005
maiores,1000,2023-11-07 15:03:58.986005,2023-11-07 15:03:58.986005
assumenda,607,2023-11-07 15:03:58.986005,2023-11-07 15:03:58.986005
est,834,2023-11-07 15:03:58.986005,2023-11-07 15:03:58.986005
sed,739,2023-11-07 15:03:58.986005,2023-11-07 15:03:58.986005
nihil,671,2023-11-07 15:03:58.986005,2023-11-07 15:03:58.986005
occaecati,989,2023-11-07 15:03:58.986005,2023-11-07 15:03:58.986005
cumque,817,2023-11-07 15:03:58.986005,2023-11-07 15:03:58.986005
ad,833,2023-11-07 15:03:58.986005,2023-11-07 15:03:58.986005
consequatur,853,2023-11-07 15:03:58.986005,2023-11-07 15:03:58.986005
dolorem,968,2023-11-07 15:03:58.986005,2023-11-07 15:03:58.986005
laboriosam,662,2023-11-07 15:03:58.986005,2023-11-07 15:03:58.986005
reprehenderit,609,2023-11-07 15:03:58.986005,2023-11-07 15:03:58.986005
beatae,679,2023-11-07 15:03:58.986005,2023-11-07 15:03:58.986005
voluptates,1043,2023-11-07 15:03:58.986005,2023-11-07 15:03:58.986005
commodi,823,2023-11-07 15:03:58.986005,2023-11-07 15:03:58.986005
qui,727,2023-11-07 15:03:58.986005,2023-11-07 15:03:58.986005
nemo,1046,2023-11-07 15:03:58.986005,2023-11-07 15:03:58.986005
fugiat,816,2023-11-07 15:03:58.986005,2023-11-07 15:03:58.986005
fuga,930,2023-11-07 15:03:58.986005,2023-11-07 15:03:58.986005
sapiente,712,2023-11-07 15:03:58.986005,2023-11-07 15:03:58.986005
sequi,1027,2023-11-07 15:03:58.986005,2023-11-07 15:03:58.986005
deleniti,1023,2023-11-07 15:03:58.986005,2023-11-07 15:03:58.986005
quod,1096,2023-11-07 15:03:58.986005,2023-11-07 15:03:58.986005
est,851,2023-11-07 15:03:58.986005,2023-11-07 15:03:58.986005
odit,770,2023-11-07 15:03:58.986005,2023-11-07 15:03:58.986005
commodi,706,2023-11-07 15:03:58.986005,2023-11-07 15:03:58.986005
veniam,874,2023-11-07 15:03:58.986005,2023-11-07 15:03:58.986005
aliquam,1007,2023-11-07 15:03:58.986005,2023-11-07 15:03:58.986005
veniam,603,2023-11-07 15:03:58.986005,2023-11-07 15:03:58.986005
nobis,956,2023-11-07 15:03:58.986005,2023-11-07 15:03:58.986005
vel,854,2023-11-07 15:03:58.986005,2023-11-07 15:03:58.986005
vitae,663,2023-11-07 15:03:58.986005,2023-11-07 15:03:58.986005
optio,683,2023-11-07 15:03:58.986005,2023-11-07 15:03:58.986005
fugiat,853,2023-11-07 15:03:58.986005,2023-11-07 15:03:58.986005
facilis,1074,2023-11-07 15:03:58.986005,2023-11-07 15:03:58.986005
repellat,757,2023-11-07 15:03:58.986005,2023-11-07 15:03:58.986005
aliquam,625,2023-11-07 15:03:58.986005,2023-11-07 15:03:58.986005
ex,1029,2023-11-07 15:03:58.986005,2023-11-07 15:03:58.986005
amet,702,2023-11-07 15:03:58.986005,2023-11-07 15:03:58.986005
ad,720,2023-11-07 15:03:58.986005,2023-11-07 15:03:58.986005
praesentium,927,2023-11-07 15:03:58.986005,2023-11-07 15:03:58.986005
saepe,1013,2023-11-07 15:03:58.986005,2023-11-07 15:03:58.986005
tempora,1063,2023-11-07 15:03:58.986005,2023-11-07 15:03:58.986005
laudantium,966,2023-11-07 15:03:58.986005,2023-11-07 15:03:58.986005
quam,696,2023-11-07 15:03:58.986005,2023-11-07 15:03:58.986005
sunt,654,2023-11-07 15:03:58.986005,2023-11-07 15:03:58.986005
veniam,756,2023-11-07 15:03:58.986005,2023-11-07 15:03:58.986005
fugit,985,2023-11-07 15:03:58.986005,2023-11-07 15:03:58.986005
tempore,1072,2023-11-07 15:03:58.986005,2023-11-07 15:03:58.986005
incidunt,917,2023-11-07 15:03:58.986005,2023-11-07 15:03:58.986005
optio,701,2023-11-07 15:03:58.986005,2023-11-07 15:03:58.986005
sint,773,2023-11-07 15:03:58.986005,2023-11-07 15:03:58.986005
sed,726,2023-11-07 15:03:58.986005,2023-11-07 15:03:58.986005
delectus,664,2023-11-07 15:03:58.986005,2023-11-07 15:03:58.986005
saepe,750,2023-11-07 15:03:58.986005,2023-11-07 15:03:58.986005
doloremque,953,2023-11-07 15:03:58.986005,2023-11-07 15:03:58.986005
ut,913,2023-11-07 15:03:58.986005,2023-11-07 15:03:58.986005
rerum,1085,2023-11-07 15:03:58.986005,2023-11-07 15:03:58.986005
quo,934,2023-11-07 15:03:58.987005,2023-11-07 15:03:58.987005
provident,916,2023-11-07 15:03:58.987005,2023-11-07 15:03:58.987005
fugiat,622,2023-11-07 15:03:58.987005,2023-11-07 15:03:58.987005
amet,814,2023-11-07 15:03:58.987005,2023-11-07 15:03:58.987005
vitae,1037,2023-11-07 15:03:58.987005,2023-11-07 15:03:58.987005
voluptas,1047,2023-11-07 15:03:58.987005,2023-11-07 15:03:58.987005
at,629,2023-11-07 15:03:58.987005,2023-11-07 15:03:58.987005
et,690,2023-11-07 15:03:58.987005,2023-11-07 15:03:58.987005
dolorum,1087,2023-11-07 15:03:58.987005,2023-11-07 15:03:58.987005
fuga,773,2023-11-07 15:03:58.987005,2023-11-07 15:03:58.987005
quidem,906,2023-11-07 15:03:58.987005,2023-11-07 15:03:58.987005
dolor,774,2023-11-07 15:03:58.987005,2023-11-07 15:03:58.987005
maiores,741,2023-11-07 15:03:58.987005,2023-11-07 15:03:58.987005
dolores,927,2023-11-07 15:03:58.987005,2023-11-07 15:03:58.987005
ipsum,691,2023-11-07 15:03:58.987005,2023-11-07 15:03:58.987005
inventore,607,2023-11-07 15:03:58.987005,2023-11-07 15:03:58.987005
perspiciatis,845,2023-11-07 15:03:58.987005,2023-11-07 15:03:58.987005
aliquid,750,2023-11-07 15:03:58.987005,2023-11-07 15:03:58.987005
ad,707,2023-11-07 15:03:58.987005,2023-11-07 15:03:58.987005
nulla,612,2023-11-07 15:03:58.987005,2023-11-07 15:03:58.987005
voluptas,1026,2023-11-07 15:03:58.987005,2023-11-07 15:03:58.987005
odio,1027,2023-11-07 15:03:58.987005,2023-11-07 15:03:58.987005
nulla,728,2023-11-07 15:03:58.987005,2023-11-07 15:03:58.987005
soluta,1053,2023-11-07 15:03:58.987005,2023-11-07 15:03:58.987005
sint,879,2023-11-07 15:03:58.987005,2023-11-07 15:03:58.987005
numquam,882,2023-11-07 15:03:58.987005,2023-11-07 15:03:58.987005
iure,669,2023-11-07 15:03:58.987005,2023-11-07 15:03:58.987005
facilis,632,2023-11-07 15:03:58.987005,2023-11-07 15:03:58.987005
excepturi,669,2023-11-07 15:03:58.987005,2023-11-07 15:03:58.987005
dolore,694,2023-11-07 15:03:58.987005,2023-11-07 15:03:58.987005
accusamus,1049,2023-11-07 15:03:58.987005,2023-11-07 15:03:58.987005
ipsum,999,2023-11-07 15:03:58.987005,2023-11-07 15:03:58.987005
nihil,704,2023-11-07 15:03:58.987005,2023-11-07 15:03:58.987005
consequuntur,1040,2023-11-07 15:03:58.987005,2023-11-07 15:03:58.987005
quia,693,2023-11-07 15:03:58.987005,2023-11-07 15:03:58.987005
occaecati,894,2023-11-07 15:03:58.987005,2023-11-07 15:03:58.987005
nemo,682,2023-11-07 15:03:58.987005,2023-11-07 15:03:58.987005
a,1016,2023-11-07 15:03:58.987005,2023-11-07 15:03:58.987005
assumenda,644,2023-11-07 15:03:58.987005,2023-11-07 15:03:58.987005
aliquam,897,2023-11-07 15:03:58.987005,2023-11-07 15:03:58.987005
nisi,958,2023-11-07 15:03:58.987005,2023-11-07 15:03:58.987005
voluptates,608,2023-11-07 15:03:58.987005,2023-11-07 15:03:58.987005
ipsum,620,2023-11-07 15:03:58.987005,2023-11-07 15:03:58.987005
neque,891,2023-11-07 15:03:58.987005,2023-11-07 15:03:58.987005
nemo,1067,2023-11-07 15:03:58.987005,2023-11-07 15:03:58.987005
veritatis,703,2023-11-07 15:03:58.987005,2023-11-07 15:03:58.987005
iusto,881,2023-11-07 15:03:58.987005,2023-11-07 15:03:58.987005
culpa,702,2023-11-07 15:03:58.987005,2023-11-07 15:03:58.987005
rem,739,2023-11-07 15:03:58.987005,2023-11-07 15:03:58.987005
doloribus,832,2023-11-07 15:03:58.987005,2023-11-07 15:03:58.987005
distinctio,796,2023-11-07 15:03:58.987005,2023-11-07 15:03:58.987005
molestias,675,2023-11-07 15:03:58.987005,2023-11-07 15:03:58.987005
blanditiis,653,2023-11-07 15:03:58.987005,2023-11-07 15:03:58.987005
ipsum,872,2023-11-07 15:03:58.987005,2023-11-07 15:03:58.987005
dicta,1072,2023-11-07 15:03:58.987005,2023-11-07 15:03:58.987005
minima,878,2023-11-07 15:03:58.987005,2023-11-07 15:03:58.987005
culpa,821,2023-11-07 15:03:58.987005,2023-11-07 15:03:58.987005
ullam,720,2023-11-07 15:03:58.987005,2023-11-07 15:03:58.987005
itaque,712,2023-11-07 15:03:58.987005,2023-11-07 15:03:58.987005
consequatur,1084,2023-11-07 15:03:58.987005,2023-11-07 15:03:58.987005
aliquid,1016,2023-11-07 15:03:58.987005,2023-11-07 15:03:58.987005
similique,1038,2023-11-07 15:03:58.987005,2023-11-07 15:03:58.987005
eius,876,2023-11-07 15:03:58.987005,2023-11-07 15:03:58.987005
inventore,716,2023-11-07 15:03:58.987005,2023-11-07 15:03:58.987005
praesentium,756,2023-11-07 15:03:58.987005,2023-11-07 15:03:58.987005
vero,849,2023-11-07 15:03:58.987005,2023-11-07 15:03:58.987005
voluptatum,1054,2023-11-07 15:03:58.987005,2023-11-07 15:03:58.987005
similique,926,2023-11-07 15:03:58.987005,2023-11-07 15:03:58.987005
aliquam,1057,2023-11-07 15:03:58.987005,2023-11-07 15:03:58.987005
laboriosam,777,2023-11-07 15:03:58.987005,2023-11-07 15:03:58.987005
optio,1017,2023-11-07 15:03:58.987005,2023-11-07 15:03:58.987005
reprehenderit,1070,2023-11-07 15:03:58.987005,2023-11-07 15:03:58.987005
dolore,736,2023-11-07 15:03:58.987005,2023-11-07 15:03:58.987005
esse,641,2023-11-07 15:03:58.987005,2023-11-07 15:03:58.987005
quos,937,2023-11-07 15:03:58.987005,2023-11-07 15:03:58.987005
voluptates,818,2023-11-07 15:03:58.987005,2023-11-07 15:03:58.987005
minima,944,2023-11-07 15:03:58.987005,2023-11-07 15:03:58.987005
amet,715,2023-11-07 15:03:58.987005,2023-11-07 15:03:58.987005
laboriosam,885,2023-11-07 15:03:58.987005,2023-11-07 15:03:58.987005
maxime,629,2023-11-07 15:03:58.987005,2023-11-07 15:03:58.987005
alias,604,2023-11-07 15:03:58.987005,2023-11-07 15:03:58.987005
aliquam,913,2023-11-07 15:03:58.987005,2023-11-07 15:03:58.987005
mollitia,874,2023-11-07 15:03:58.987005,2023-11-07 15:03:58.987005
atque,661,2023-11-07 15:03:58.987005,2023-11-07 15:03:58.987005
rem,750,2023-11-07 15:03:58.987005,2023-11-07 15:03:58.987005
nulla,721,2023-11-07 15:03:58.987005,2023-11-07 15:03:58.987005
eaque,633,2023-11-07 15:03:58.987005,2023-11-07 15:03:58.987005
quibusdam,873,2023-11-07 15:03:58.987005,2023-11-07 15:03:58.987005
doloremque,677,2023-11-07 15:03:58.987005,2023-11-07 15:03:58.987005
atque,937,2023-11-07 15:03:58.987005,2023-11-07 15:03:58.987005
harum,758,2023-11-07 15:03:58.987005,2023-11-07 15:03:58.987005
neque,843,2023-11-07 15:03:58.987005,2023-11-07 15:03:58.987005
dolore,853,2023-11-07 15:03:58.987005,2023-11-07 15:03:58.987005
aspernatur,825,2023-11-07 15:03:58.987005,2023-11-07 15:03:58.987005
sint,846,2023-11-07 15:03:58.987005,2023-11-07 15:03:58.987005
esse,943,2023-11-07 15:03:58.987005,2023-11-07 15:03:58.987005
tempora,885,2023-11-07 15:03:58.987005,2023-11-07 15:03:58.987005
delectus,828,2023-11-07 15:03:58.987005,2023-11-07 15:03:58.987005
at,799,2023-11-07 15:03:58.987005,2023-11-07 15:03:58.987005
sit,949,2023-11-07 15:03:58.987005,2023-11-07 15:03:58.987005
eaque,956,2023-11-07 15:03:58.987005,2023-11-07 15:03:58.987005
et,837,2023-11-07 15:03:58.987005,2023-11-07 15:03:58.987005
ducimus,855,2023-11-07 15:03:58.987005,2023-11-07 15:03:58.987005
consectetur,1093,2023-11-07 15:03:58.987005,2023-11-07 15:03:58.987005
dicta,1000,2023-11-07 15:03:58.987005,2023-11-07 15:03:58.987005
sequi,670,2023-11-07 15:03:58.987005,2023-11-07 15:03:58.987005
vitae,1019,2023-11-07 15:03:58.987005,2023-11-07 15:03:58.987005
ullam,797,2023-11-07 15:03:58.987005,2023-11-07 15:03:58.987005
dolorum,769,2023-11-07 15:03:58.987005,2023-11-07 15:03:58.987005
ullam,671,2023-11-07 15:03:58.987005,2023-11-07 15:03:58.987005
exercitationem,1030,2023-11-07 15:03:58.987005,2023-11-07 15:03:58.987005
voluptate,825,2023-11-07 15:03:58.987005,2023-11-07 15:03:58.987005
cum,729,2023-11-07 15:03:58.987005,2023-11-07 15:03:58.987005
eius,687,2023-11-07 15:03:58.987005,2023-11-07 15:03:58.987005
atque,1086,2023-11-07 15:03:58.987005,2023-11-07 15:03:58.987005
veritatis,713,2023-11-07 15:03:58.987005,2023-11-07 15:03:58.987005
cupiditate,610,2023-11-07 15:03:58.987005,2023-11-07 15:03:58.987005
necessitatibus,1018,2023-11-07 15:03:58.987005,2023-11-07 15:03:58.987005
et,897,2023-11-07 15:03:58.987005,2023-11-07 15:03:58.987005
ea,734,2023-11-07 15:03:58.987005,2023-11-07 15:03:58.987005
distinctio,672,2023-11-07 15:03:58.987005,2023-11-07 15:03:58.987005
doloremque,1013,2023-11-07 15:03:58.987005,2023-11-07 15:03:58.987005
nisi,990,2023-11-07 15:03:58.987005,2023-11-07 15:03:58.987005
aspernatur,729,2023-11-07 15:03:58.987005,2023-11-07 15:03:58.987005
error,1034,2023-11-07 15:03:58.987005,2023-11-07 15:03:58.987005
earum,856,2023-11-07 15:03:58.987005,2023-11-07 15:03:58.987005
possimus,705,2023-11-07 15:03:58.987005,2023-11-07 15:03:58.987005
saepe,1034,2023-11-07 15:03:58.987005,2023-11-07 15:03:58.987005
reiciendis,755,2023-11-07 15:03:58.987005,2023-11-07 15:03:58.987005
temporibus,1043,2023-11-07 15:03:58.987005,2023-11-07 15:03:58.987005
expedita,806,2023-11-07 15:03:58.987005,2023-11-07 15:03:58.987005
recusandae,680,2023-11-07 15:03:58.987005,2023-11-07 15:03:58.987005
ipsam,1067,2023-11-07 15:03:58.987005,2023-11-07 15:03:58.987005
architecto,772,2023-11-07 15:03:58.987005,2023-11-07 15:03:58.987005
tenetur,618,2023-11-07 15:03:58.987005,2023-11-07 15:03:58.987005
maxime,1099,2023-11-07 15:03:58.987005,2023-11-07 15:03:58.987005
molestias,1082,2023-11-07 15:03:58.987005,2023-11-07 15:03:58.987005
voluptates,960,2023-11-07 15:03:58.987005,2023-11-07 15:03:58.987005
vero,871,2023-11-07 15:03:58.987005,2023-11-07 15:03:58.987005
autem,927,2023-11-07 15:03:58.987005,2023-11-07 15:03:58.987005
architecto,811,2023-11-07 15:03:58.988004,2023-11-07 15:03:58.988004
ducimus,844,2023-11-07 15:03:58.988004,2023-11-07 15:03:58.988004
architecto,1022,2023-11-07 15:03:58.988004,2023-11-07 15:03:58.988004
explicabo,715,2023-11-07 15:03:58.988004,2023-11-07 15:03:58.988004
fugit,827,2023-11-07 15:03:58.988004,2023-11-07 15:03:58.988004
in,1014,2023-11-07 15:03:58.988004,2023-11-07 15:03:58.988004
corporis,993,2023-11-07 15:03:58.988004,2023-11-07 15:03:58.988004
dolores,789,2023-11-07 15:03:58.988004,2023-11-07 15:03:58.988004
ea,608,2023-11-07 15:03:58.988004,2023-11-07 15:03:58.988004
eveniet,955,2023-11-07 15:03:58.988004,2023-11-07 15:03:58.988004
mollitia,721,2023-11-07 15:03:58.988004,2023-11-07 15:03:58.988004
animi,934,2023-11-07 15:03:58.988004,2023-11-07 15:03:58.988004
harum,747,2023-11-07 15:03:58.988004,2023-11-07 15:03:58.988004
iste,931,2023-11-07 15:03:58.988004,2023-11-07 15:03:58.988004
hic,1050,2023-11-07 15:03:58.988004,2023-11-07 15:03:58.988004
delectus,1001,2023-11-07 15:03:58.988004,2023-11-07 15:03:58.988004
corporis,997,2023-11-07 15:03:58.988004,2023-11-07 15:03:58.988004
possimus,1013,2023-11-07 15:03:58.988004,2023-11-07 15:03:58.988004
molestiae,1091,2023-11-07 15:03:58.988004,2023-11-07 15:03:58.988004
maxime,954,2023-11-07 15:03:58.988004,2023-11-07 15:03:58.988004
id,781,2023-11-07 15:03:58.988004,2023-11-07 15:03:58.988004
minima,1074,2023-11-07 15:03:58.988004,2023-11-07 15:03:58.988004
ex,986,2023-11-07 15:03:58.988004,2023-11-07 15:03:58.988004
atque,620,2023-11-07 15:03:58.988004,2023-11-07 15:03:58.988004
beatae,794,2023-11-07 15:03:58.988004,2023-11-07 15:03:58.988004
est,976,2023-11-07 15:03:58.988004,2023-11-07 15:03:58.988004
consequatur,687,2023-11-07 15:03:58.988004,2023-11-07 15:03:58.988004
alias,848,2023-11-07 15:03:58.988004,2023-11-07 15:03:58.988004
est,816,2023-11-07 15:03:58.988004,2023-11-07 15:03:58.988004
quos,1031,2023-11-07 15:03:58.988004,2023-11-07 15:03:58.988004
tenetur,636,2023-11-07 15:03:58.988004,2023-11-07 15:03:58.988004
nisi,1064,2023-11-07 15:03:58.988004,2023-11-07 15:03:58.988004
asperiores,843,2023-11-07 15:03:58.988004,2023-11-07 15:03:58.988004
praesentium,947,2023-11-07 15:03:58.988004,2023-11-07 15:03:58.988004
reprehenderit,733,2023-11-07 15:03:58.988004,2023-11-07 15:03:58.988004
numquam,667,2023-11-07 15:03:58.988004,2023-11-07 15:03:58.988004
tenetur,960,2023-11-07 15:03:58.988004,2023-11-07 15:03:58.988004
vitae,981,2023-11-07 15:03:58.988004,2023-11-07 15:03:58.988004
est,820,2023-11-07 15:03:58.988004,2023-11-07 15:03:58.988004
eum,885,2023-11-07 15:03:58.988004,2023-11-07 15:03:58.988004
sed,958,2023-11-07 15:03:58.988004,2023-11-07 15:03:58.988004
dicta,775,2023-11-07 15:03:58.988004,2023-11-07 15:03:58.988004
in,1071,2023-11-07 15:03:58.988004,2023-11-07 15:03:58.988004
excepturi,817,2023-11-07 15:03:58.988004,2023-11-07 15:03:58.988004
eos,694,2023-11-07 15:03:58.988004,2023-11-07 15:03:58.988004
necessitatibus,869,2023-11-07 15:03:58.988004,2023-11-07 15:03:58.988004
quibusdam,898,2023-11-07 15:03:58.988004,2023-11-07 15:03:58.988004
deleniti,852,2023-11-07 15:03:58.988004,2023-11-07 15:03:58.988004
porro,898,2023-11-07 15:03:58.988004,2023-11-07 15:03:58.988004
quia,613,2023-11-07 15:03:58.988004,2023-11-07 15:03:58.988004
fugit,697,2023-11-07 15:03:58.988004,2023-11-07 15:03:58.988004
omnis,1003,2023-11-07 15:03:58.988004,2023-11-07 15:03:58.988004
officiis,1031,2023-11-07 15:03:58.988004,2023-11-07 15:03:58.988004
sit,1044,2023-11-07 15:03:58.988004,2023-11-07 15:03:58.988004
perspiciatis,783,2023-11-07 15:03:58.988004,2023-11-07 15:03:58.988004
aspernatur,966,2023-11-07 15:03:58.988004,2023-11-07 15:03:58.988004
ipsa,832,2023-11-07 15:03:58.988004,2023-11-07 15:03:58.988004
a,861,2023-11-07 15:03:58.988004,2023-11-07 15:03:58.988004
aspernatur,710,2023-11-07 15:03:58.988004,2023-11-07 15:03:58.988004
accusamus,970,2023-11-07 15:03:58.988004,2023-11-07 15:03:58.988004
illum,707,2023-11-07 15:03:58.988004,2023-11-07 15:03:58.988004
voluptatibus,802,2023-11-07 15:03:58.988004,2023-11-07 15:03:58.988004
cumque,781,2023-11-07 15:03:58.988004,2023-11-07 15:03:58.988004
error,878,2023-11-07 15:03:58.988004,2023-11-07 15:03:58.988004
ratione,745,2023-11-07 15:03:58.988004,2023-11-07 15:03:58.988004
minima,861,2023-11-07 15:03:58.988004,2023-11-07 15:03:58.988004
adipisci,919,2023-11-07 15:03:58.988004,2023-11-07 15:03:58.988004
sint,969,2023-11-07 15:03:58.988004,2023-11-07 15:03:58.988004
quasi,983,2023-11-07 15:03:58.988004,2023-11-07 15:03:58.988004
repudiandae,1075,2023-11-07 15:03:58.988004,2023-11-07 15:03:58.988004
veniam,898,2023-11-07 15:03:58.988004,2023-11-07 15:03:58.988004
veniam,1025,2023-11-07 15:03:58.988004,2023-11-07 15:03:58.988004
harum,793,2023-11-07 15:03:58.988004,2023-11-07 15:03:58.988004
nostrum,1070,2023-11-07 15:03:58.988004,2023-11-07 15:03:58.988004
maiores,805,2023-11-07 15:03:58.988004,2023-11-07 15:03:58.988004
sequi,951,2023-11-07 15:03:58.988004,2023-11-07 15:03:58.988004
cumque,630,2023-11-07 15:03:58.988004,2023-11-07 15:03:58.988004
perferendis,623,2023-11-07 15:03:58.988004,2023-11-07 15:03:58.988004
asperiores,1070,2023-11-07 15:03:58.988004,2023-11-07 15:03:58.988004
a,743,2023-11-07 15:03:58.988004,2023-11-07 15:03:58.988004
molestias,604,2023-11-07 15:03:58.988004,2023-11-07 15:03:58.988004
dignissimos,711,2023-11-07 15:03:58.988004,2023-11-07 15:03:58.988004
repudiandae,636,2023-11-07 15:03:58.988004,2023-11-07 15:03:58.988004
nihil,918,2023-11-07 15:03:58.988004,2023-11-07 15:03:58.988004
doloribus,635,2023-11-07 15:03:58.988004,2023-11-07 15:03:58.988004
aut,643,2023-11-07 15:03:58.988004,2023-11-07 15:03:58.988004
veniam,989,2023-11-07 15:03:58.988004,2023-11-07 15:03:58.988004
possimus,922,2023-11-07 15:03:58.988004,2023-11-07 15:03:58.988004
rem,793,2023-11-07 15:03:58.988004,2023-11-07 15:03:58.988004
tempora,719,2023-11-07 15:03:58.988004,2023-11-07 15:03:58.988004
ut,820,2023-11-07 15:03:58.988004,2023-11-07 15:03:58.988004
totam,976,2023-11-07 15:03:58.988004,2023-11-07 15:03:58.988004
deserunt,994,2023-11-07 15:03:58.988004,2023-11-07 15:03:58.988004
fuga,774,2023-11-07 15:03:58.988004,2023-11-07 15:03:58.988004
repellendus,978,2023-11-07 15:03:58.988004,2023-11-07 15:03:58.988004
cum,1097,2023-11-07 15:03:58.988004,2023-11-07 15:03:58.988004
veritatis,1008,2023-11-07 15:03:58.988004,2023-11-07 15:03:58.988004
numquam,760,2023-11-07 15:03:58.988004,2023-11-07 15:03:58.988004
illum,1045,2023-11-07 15:03:58.988004,2023-11-07 15:03:58.988004
dolorem,870,2023-11-07 15:03:58.988004,2023-11-07 15:03:58.988004
occaecati,616,2023-11-07 15:03:58.988004,2023-11-07 15:03:58.988004
culpa,859,2023-11-07 15:03:58.988004,2023-11-07 15:03:58.988004
facere,738,2023-11-07 15:03:58.988004,2023-11-07 15:03:58.988004
modi,808,2023-11-07 15:03:58.988004,2023-11-07 15:03:58.988004
porro,1092,2023-11-07 15:03:58.988004,2023-11-07 15:03:58.988004
accusantium,739,2023-11-07 15:03:58.988004,2023-11-07 15:03:58.988004
consequatur,796,2023-11-07 15:03:58.988004,2023-11-07 15:03:58.988004
voluptate,692,2023-11-07 15:03:58.988004,2023-11-07 15:03:58.988004
ipsa,720,2023-11-07 15:03:58.988004,2023-11-07 15:03:58.988004
exercitationem,1004,2023-11-07 15:03:58.988004,2023-11-07 15:03:58.988004
occaecati,893,2023-11-07 15:03:58.988004,2023-11-07 15:03:58.988004
provident,628,2023-11-07 15:03:58.988004,2023-11-07 15:03:58.988004
temporibus,705,2023-11-07 15:03:58.988004,2023-11-07 15:03:58.988004
quis,925,2023-11-07 15:03:58.988004,2023-11-07 15:03:58.988004
quam,620,2023-11-07 15:03:58.988004,2023-11-07 15:03:58.988004
ut,959,2023-11-07 15:03:58.988004,2023-11-07 15:03:58.988004
officia,925,2023-11-07 15:03:58.988004,2023-11-07 15:03:58.988004
voluptate,735,2023-11-07 15:03:58.988004,2023-11-07 15:03:58.988004
explicabo,1012,2023-11-07 15:03:58.988004,2023-11-07 15:03:58.988004
minus,656,2023-11-07 15:03:58.988004,2023-11-07 15:03:58.988004
in,1033,2023-11-07 15:03:58.988004,2023-11-07 15:03:58.988004
tempore,679,2023-11-07 15:03:58.988004,2023-11-07 15:03:58.988004
nam,1004,2023-11-07 15:03:58.988004,2023-11-07 15:03:58.988004
totam,711,2023-11-07 15:03:58.988004,2023-11-07 15:03:58.988004
voluptatibus,1049,2023-11-07 15:03:58.988004,2023-11-07 15:03:58.988004
debitis,858,2023-11-07 15:03:58.988004,2023-11-07 15:03:58.988004
voluptatem,1066,2023-11-07 15:03:58.988004,2023-11-07 15:03:58.988004
laudantium,941,2023-11-07 15:03:58.988004,2023-11-07 15:03:58.988004
quisquam,627,2023-11-07 15:03:58.988004,2023-11-07 15:03:58.988004
necessitatibus,850,2023-11-07 15:03:58.988004,2023-11-07 15:03:58.988004
officiis,841,2023-11-07 15:03:58.988004,2023-11-07 15:03:58.988004
reprehenderit,734,2023-11-07 15:03:58.988004,2023-11-07 15:03:58.988004
cum,1024,2023-11-07 15:03:58.988004,2023-11-07 15:03:58.988004
maxime,1064,2023-11-07 15:03:58.988004,2023-11-07 15:03:58.988004
saepe,728,2023-11-07 15:03:58.988004,2023-11-07 15:03:58.988004
tempora,849,2023-11-07 15:03:58.988004,2023-11-07 15:03:58.988004
veritatis,957,2023-11-07 15:03:58.988004,2023-11-07 15:03:58.988004
molestiae,827,2023-11-07 15:03:58.988004,2023-11-07 15:03:58.988004
vel,1025,2023-11-07 15:03:58.988004,2023-11-07 15:03:58.988004
repellendus,618,2023-11-07 15:03:58.988004,2023-11-07 15:03:58.988004
aspernatur,834,2023-11-07 15:03:58.988004,2023-11-07 15:03:58.988004
fugiat,979,2023-11-07 15:03:58.988004,2023-11-07 15:03:58.988004
amet,753,2023-11-07 15:03:58.989004,2023-11-07 15:03:58.989004
odio,887,2023-11-07 15:03:58.989004,2023-11-07 15:03:58.989004
adipisci,1074,2023-11-07 15:03:58.989004,2023-11-07 15:03:58.989004
cumque,969,2023-11-07 15:03:58.989004,2023-11-07 15:03:58.989004
eveniet,980,2023-11-07 15:03:58.989004,2023-11-07 15:03:58.989004
quia,637,2023-11-07 15:03:58.989004,2023-11-07 15:03:58.989004
porro,933,2023-11-07 15:03:58.989004,2023-11-07 15:03:58.989004
nulla,795,2023-11-07 15:03:58.989004,2023-11-07 15:03:58.989004
ex,785,2023-11-07 15:03:58.989004,2023-11-07 15:03:58.989004
commodi,849,2023-11-07 15:03:58.989004,2023-11-07 15:03:58.989004
consectetur,803,2023-11-07 15:03:58.989004,2023-11-07 15:03:58.989004
unde,1099,2023-11-07 15:03:58.989004,2023-11-07 15:03:58.989004
qui,746,2023-11-07 15:03:58.989004,2023-11-07 15:03:58.989004
corporis,1075,2023-11-07 15:03:58.989004,2023-11-07 15:03:58.989004
dicta,708,2023-11-07 15:03:58.989004,2023-11-07 15:03:58.989004
veritatis,835,2023-11-07 15:03:58.989004,2023-11-07 15:03:58.989004
distinctio,871,2023-11-07 15:03:58.989004,2023-11-07 15:03:58.989004
officiis,1085,2023-11-07 15:03:58.989004,2023-11-07 15:03:58.989004
excepturi,707,2023-11-07 15:03:58.989004,2023-11-07 15:03:58.989004
ad,1049,2023-11-07 15:03:58.989004,2023-11-07 15:03:58.989004
repellat,1032,2023-11-07 15:03:58.989004,2023-11-07 15:03:58.989004
eum,639,2023-11-07 15:03:58.989004,2023-11-07 15:03:58.989004
distinctio,794,2023-11-07 15:03:58.989004,2023-11-07 15:03:58.989004
labore,857,2023-11-07 15:03:58.989004,2023-11-07 15:03:58.989004
temporibus,743,2023-11-07 15:03:58.989004,2023-11-07 15:03:58.989004
omnis,862,2023-11-07 15:03:58.989004,2023-11-07 15:03:58.989004
est,761,2023-11-07 15:03:58.989004,2023-11-07 15:03:58.989004
autem,932,2023-11-07 15:03:58.989004,2023-11-07 15:03:58.989004
ipsam,890,2023-11-07 15:03:58.989004,2023-11-07 15:03:58.989004
dignissimos,896,2023-11-07 15:03:58.989004,2023-11-07 15:03:58.989004
adipisci,873,2023-11-07 15:03:58.989004,2023-11-07 15:03:58.989004
minima,916,2023-11-07 15:03:58.989004,2023-11-07 15:03:58.989004
deleniti,998,2023-11-07 15:03:58.989004,2023-11-07 15:03:58.989004
corporis,691,2023-11-07 15:03:58.989004,2023-11-07 15:03:58.989004
saepe,746,2023-11-07 15:03:58.989004,2023-11-07 15:03:58.989004
reprehenderit,638,2023-11-07 15:03:58.989004,2023-11-07 15:03:58.989004
eligendi,744,2023-11-07 15:03:58.989004,2023-11-07 15:03:58.989004
quod,789,2023-11-07 15:03:58.989004,2023-11-07 15:03:58.989004
labore,787,2023-11-07 15:03:58.989004,2023-11-07 15:03:58.989004
sapiente,647,2023-11-07 15:03:58.989004,2023-11-07 15:03:58.989004
ipsum,900,2023-11-07 15:03:58.989004,2023-11-07 15:03:58.989004
explicabo,1095,2023-11-07 15:03:58.989004,2023-11-07 15:03:58.989004
maxime,1013,2023-11-07 15:03:58.989004,2023-11-07 15:03:58.989004
beatae,1088,2023-11-07 15:03:58.989004,2023-11-07 15:03:58.989004
incidunt,801,2023-11-07 15:03:58.989004,2023-11-07 15:03:58.989004
laudantium,617,2023-11-07 15:03:58.989004,2023-11-07 15:03:58.989004
occaecati,969,2023-11-07 15:03:58.989004,2023-11-07 15:03:58.989004
deleniti,673,2023-11-07 15:03:58.989004,2023-11-07 15:03:58.989004
blanditiis,879,2023-11-07 15:03:58.989004,2023-11-07 15:03:58.989004
esse,816,2023-11-07 15:03:58.989004,2023-11-07 15:03:58.989004
fugiat,646,2023-11-07 15:03:58.989004,2023-11-07 15:03:58.989004
animi,922,2023-11-07 15:03:58.989004,2023-11-07 15:03:58.989004
natus,784,2023-11-07 15:03:58.989004,2023-11-07 15:03:58.989004
necessitatibus,740,2023-11-07 15:03:58.989004,2023-11-07 15:03:58.989004
deleniti,942,2023-11-07 15:03:58.989004,2023-11-07 15:03:58.989004
laboriosam,1040,2023-11-07 15:03:58.989004,2023-11-07 15:03:58.989004
quas,841,2023-11-07 15:03:58.989004,2023-11-07 15:03:58.989004
veritatis,1052,2023-11-07 15:03:58.989004,2023-11-07 15:03:58.989004
consequatur,878,2023-11-07 15:03:58.989004,2023-11-07 15:03:58.989004
libero,1063,2023-11-07 15:03:58.989004,2023-11-07 15:03:58.989004
maiores,1032,2023-11-07 15:03:58.989004,2023-11-07 15:03:58.989004
quia,847,2023-11-07 15:03:58.989004,2023-11-07 15:03:58.989004
itaque,927,2023-11-07 15:03:58.989004,2023-11-07 15:03:58.989004
dolore,1100,2023-11-07 15:03:58.989004,2023-11-07 15:03:58.989004
sequi,918,2023-11-07 15:03:58.989004,2023-11-07 15:03:58.989004
ullam,897,2023-11-07 15:03:58.989004,2023-11-07 15:03:58.989004
nulla,1046,2023-11-07 15:03:58.989004,2023-11-07 15:03:58.989004
perferendis,723,2023-11-07 15:03:58.989004,2023-11-07 15:03:58.989004
quaerat,839,2023-11-07 15:03:58.989004,2023-11-07 15:03:58.989004
odio,649,2023-11-07 15:03:58.989004,2023-11-07 15:03:58.989004
totam,601,2023-11-07 15:03:58.989004,2023-11-07 15:03:58.989004
dolor,678,2023-11-07 15:03:58.989004,2023-11-07 15:03:58.989004
quas,661,2023-11-07 15:03:58.989004,2023-11-07 15:03:58.989004
qui,741,2023-11-07 15:03:58.989004,2023-11-07 15:03:58.989004
autem,849,2023-11-07 15:03:58.989004,2023-11-07 15:03:58.989004
voluptatem,696,2023-11-07 15:03:58.989004,2023-11-07 15:03:58.989004
aperiam,1084,2023-11-07 15:03:58.989004,2023-11-07 15:03:58.989004
earum,1000,2023-11-07 15:03:58.989004,2023-11-07 15:03:58.989004
quibusdam,950,2023-11-07 15:03:58.989004,2023-11-07 15:03:58.989004
et,682,2023-11-07 15:03:58.989004,2023-11-07 15:03:58.989004
eum,1022,2023-11-07 15:03:58.989004,2023-11-07 15:03:58.989004
delectus,1063,2023-11-07 15:03:58.989004,2023-11-07 15:03:58.989004
ipsum,671,2023-11-07 15:03:58.989004,2023-11-07 15:03:58.989004
dicta,702,2023-11-07 15:03:58.989004,2023-11-07 15:03:58.989004
exercitationem,807,2023-11-07 15:03:58.989004,2023-11-07 15:03:58.989004
corporis,717,2023-11-07 15:03:58.989004,2023-11-07 15:03:58.989004
ipsum,701,2023-11-07 15:03:58.989004,2023-11-07 15:03:58.989004
vero,976,2023-11-07 15:03:58.989004,2023-11-07 15:03:58.989004
adipisci,726,2023-11-07 15:03:58.989004,2023-11-07 15:03:58.989004
perferendis,991,2023-11-07 15:03:58.989004,2023-11-07 15:03:58.989004
neque,632,2023-11-07 15:03:58.989004,2023-11-07 15:03:58.989004
dolorem,653,2023-11-07 15:03:58.989004,2023-11-07 15:03:58.989004
inventore,799,2023-11-07 15:03:58.989004,2023-11-07 15:03:58.989004
at,838,2023-11-07 15:03:58.989004,2023-11-07 15:03:58.989004
qui,613,2023-11-07 15:03:58.989004,2023-11-07 15:03:58.989004
recusandae,902,2023-11-07 15:03:58.989004,2023-11-07 15:03:58.989004
praesentium,1050,2023-11-07 15:03:58.989004,2023-11-07 15:03:58.989004
commodi,721,2023-11-07 15:03:58.989004,2023-11-07 15:03:58.989004
nam,1040,2023-11-07 15:03:58.989004,2023-11-07 15:03:58.989004
eum,650,2023-11-07 15:03:58.989004,2023-11-07 15:03:58.989004
esse,947,2023-11-07 15:03:58.989004,2023-11-07 15:03:58.989004
repellendus,1048,2023-11-07 15:03:58.989004,2023-11-07 15:03:58.989004
quae,905,2023-11-07 15:03:58.989004,2023-11-07 15:03:58.989004
odio,909,2023-11-07 15:03:58.989004,2023-11-07 15:03:58.989004
aliquid,879,2023-11-07 15:03:58.989004,2023-11-07 15:03:58.989004
ullam,985,2023-11-07 15:03:58.989004,2023-11-07 15:03:58.989004
vitae,1057,2023-11-07 15:03:58.989004,2023-11-07 15:03:58.989004
quae,679,2023-11-07 15:03:58.989004,2023-11-07 15:03:58.989004
tempora,809,2023-11-07 15:03:58.989004,2023-11-07 15:03:58.989004
dolorem,645,2023-11-07 15:03:58.989004,2023-11-07 15:03:58.989004
recusandae,705,2023-11-07 15:03:58.989004,2023-11-07 15:03:58.989004
nemo,1051,2023-11-07 15:03:58.989004,2023-11-07 15:03:58.989004
hic,826,2023-11-07 15:03:58.989004,2023-11-07 15:03:58.989004
corrupti,637,2023-11-07 15:03:58.989004,2023-11-07 15:03:58.989004
nemo,883,2023-11-07 15:03:58.989004,2023-11-07 15:03:58.989004
earum,776,2023-11-07 15:03:58.989004,2023-11-07 15:03:58.989004
dolore,643,2023-11-07 15:03:58.989004,2023-11-07 15:03:58.989004
iusto,1000,2023-11-07 15:03:58.989004,2023-11-07 15:03:58.989004
alias,810,2023-11-07 15:03:58.989004,2023-11-07 15:03:58.989004
non,973,2023-11-07 15:03:58.989004,2023-11-07 15:03:58.989004
quasi,1022,2023-11-07 15:03:58.989004,2023-11-07 15:03:58.989004
nulla,857,2023-11-07 15:03:58.989004,2023-11-07 15:03:58.989004
itaque,724,2023-11-07 15:03:58.989004,2023-11-07 15:03:58.989004
unde,1043,2023-11-07 15:03:58.989004,2023-11-07 15:03:58.989004
quibusdam,826,2023-11-07 15:03:58.989004,2023-11-07 15:03:58.989004
autem,1004,2023-11-07 15:03:58.989004,2023-11-07 15:03:58.989004
autem,686,2023-11-07 15:03:58.989004,2023-11-07 15:03:58.989004
fugit,661,2023-11-07 15:03:58.989004,2023-11-07 15:03:58.989004
eveniet,738,2023-11-07 15:03:58.989004,2023-11-07 15:03:58.989004
cumque,989,2023-11-07 15:03:58.989004,2023-11-07 15:03:58.989004
ex,860,2023-11-07 15:03:58.989004,2023-11-07 15:03:58.989004
eveniet,739,2023-11-07 15:03:58.989004,2023-11-07 15:03:58.989004
ipsum,915,2023-11-07 15:03:58.989004,2023-11-07 15:03:58.989004
dolorem,1006,2023-11-07 15:03:58.989004,2023-11-07 15:03:58.989004
unde,769,2023-11-07 15:03:58.989004,2023-11-07 15:03:58.989004
ab,816,2023-11-07 15:03:58.989004,2023-11-07 15:03:58.989004
est,803,2023-11-07 15:03:58.989004,2023-11-07 15:03:58.989004
cum,921,2023-11-07 15:03:58.989004,2023-11-07 15:03:58.989004
alias,744,2023-11-07 15:03:58.989004,2023-11-07 15:03:58.989004
et,667,2023-11-07 15:03:58.989004,2023-11-07 15:03:58.989004
porro,915,2023-11-07 15:03:58.989004,2023-11-07 15:03:58.989004
labore,605,2023-11-07 15:03:58.989004,2023-11-07 15:03:58.989004
corporis,911,2023-11-07 15:03:58.989004,2023-11-07 15:03:58.989004
consequatur,971,2023-11-07 15:03:58.990004,2023-11-07 15:03:58.990004
repellat,867,2023-11-07 15:03:58.990004,2023-11-07 15:03:58.990004
id,960,2023-11-07 15:03:58.990004,2023-11-07 15:03:58.990004
nemo,1044,2023-11-07 15:03:58.990004,2023-11-07 15:03:58.990004
ad,907,2023-11-07 15:03:58.990004,2023-11-07 15:03:58.990004
dolor,1097,2023-11-07 15:03:58.990004,2023-11-07 15:03:58.990004
corrupti,903,2023-11-07 15:03:58.990004,2023-11-07 15:03:58.990004
itaque,915,2023-11-07 15:03:58.990004,2023-11-07 15:03:58.990004
nisi,724,2023-11-07 15:03:58.990004,2023-11-07 15:03:58.990004
perferendis,869,2023-11-07 15:03:58.990004,2023-11-07 15:03:58.990004
cupiditate,707,2023-11-07 15:03:58.990004,2023-11-07 15:03:58.990004
optio,790,2023-11-07 15:03:58.990004,2023-11-07 15:03:58.990004
rem,848,2023-11-07 15:03:58.990004,2023-11-07 15:03:58.990004
voluptatibus,1058,2023-11-07 15:03:58.990004,2023-11-07 15:03:58.990004
quam,877,2023-11-07 15:03:58.990004,2023-11-07 15:03:58.990004
quos,625,2023-11-07 15:03:58.990004,2023-11-07 15:03:58.990004
minima,721,2023-11-07 15:03:58.990004,2023-11-07 15:03:58.990004
laboriosam,1097,2023-11-07 15:03:58.990004,2023-11-07 15:03:58.990004
eligendi,661,2023-11-07 15:03:58.990004,2023-11-07 15:03:58.990004
fugit,851,2023-11-07 15:03:58.990004,2023-11-07 15:03:58.990004
illum,680,2023-11-07 15:03:58.990004,2023-11-07 15:03:58.990004
eum,620,2023-11-07 15:03:58.990004,2023-11-07 15:03:58.990004
consequuntur,992,2023-11-07 15:03:58.990004,2023-11-07 15:03:58.990004
dolor,765,2023-11-07 15:03:58.990004,2023-11-07 15:03:58.990004
deleniti,958,2023-11-07 15:03:58.990004,2023-11-07 15:03:58.990004
iure,754,2023-11-07 15:03:58.990004,2023-11-07 15:03:58.990004
amet,1001,2023-11-07 15:03:58.990004,2023-11-07 15:03:58.990004
aliquam,850,2023-11-07 15:03:58.990004,2023-11-07 15:03:58.990004
dolorem,991,2023-11-07 15:03:58.990004,2023-11-07 15:03:58.990004
sint,659,2023-11-07 15:03:58.990004,2023-11-07 15:03:58.990004
laudantium,706,2023-11-07 15:03:58.990004,2023-11-07 15:03:58.990004
architecto,629,2023-11-07 15:03:58.990004,2023-11-07 15:03:58.990004
id,828,2023-11-07 15:03:58.990004,2023-11-07 15:03:58.990004
officia,630,2023-11-07 15:03:58.990004,2023-11-07 15:03:58.990004
placeat,762,2023-11-07 15:03:58.990004,2023-11-07 15:03:58.990004
eius,605,2023-11-07 15:03:58.990004,2023-11-07 15:03:58.990004
possimus,842,2023-11-07 15:03:58.990004,2023-11-07 15:03:58.990004
minus,841,2023-11-07 15:03:58.990004,2023-11-07 15:03:58.990004
tempora,645,2023-11-07 15:03:58.990004,2023-11-07 15:03:58.990004
temporibus,901,2023-11-07 15:03:58.990004,2023-11-07 15:03:58.990004
dicta,604,2023-11-07 15:03:58.990004,2023-11-07 15:03:58.990004
iste,1086,2023-11-07 15:03:58.990004,2023-11-07 15:03:58.990004
fugiat,1057,2023-11-07 15:03:58.990004,2023-11-07 15:03:58.990004
inventore,1003,2023-11-07 15:03:58.990004,2023-11-07 15:03:58.990004
doloremque,675,2023-11-07 15:03:58.990004,2023-11-07 15:03:58.990004
voluptatibus,1008,2023-11-07 15:03:58.990004,2023-11-07 15:03:58.990004
qui,946,2023-11-07 15:03:58.990004,2023-11-07 15:03:58.990004
facilis,886,2023-11-07 15:03:58.990004,2023-11-07 15:03:58.990004
unde,618,2023-11-07 15:03:58.990004,2023-11-07 15:03:58.990004
dignissimos,775,2023-11-07 15:03:58.990004,2023-11-07 15:03:58.990004
veritatis,611,2023-11-07 15:03:58.990004,2023-11-07 15:03:58.990004
dignissimos,771,2023-11-07 15:03:58.990004,2023-11-07 15:03:58.990004
dolores,614,2023-11-07 15:03:58.990004,2023-11-07 15:03:58.990004
numquam,741,2023-11-07 15:03:58.990004,2023-11-07 15:03:58.990004
voluptate,918,2023-11-07 15:03:58.990004,2023-11-07 15:03:58.990004
illum,660,2023-11-07 15:03:58.990004,2023-11-07 15:03:58.990004
in,939,2023-11-07 15:03:58.990004,2023-11-07 15:03:58.990004
cum,686,2023-11-07 15:03:58.990004,2023-11-07 15:03:58.990004
sed,787,2023-11-07 15:03:58.990004,2023-11-07 15:03:58.990004
commodi,717,2023-11-07 15:03:58.990004,2023-11-07 15:03:58.990004
quas,624,2023-11-07 15:03:58.990004,2023-11-07 15:03:58.990004
sunt,730,2023-11-07 15:03:58.990004,2023-11-07 15:03:58.990004
necessitatibus,807,2023-11-07 15:03:58.990004,2023-11-07 15:03:58.990004
accusamus,910,2023-11-07 15:03:58.990004,2023-11-07 15:03:58.990004
assumenda,631,2023-11-07 15:03:58.990004,2023-11-07 15:03:58.990004
at,1095,2023-11-07 15:03:58.990004,2023-11-07 15:03:58.990004
enim,799,2023-11-07 15:03:58.990004,2023-11-07 15:03:58.990004
praesentium,728,2023-11-07 15:03:58.990004,2023-11-07 15:03:58.990004
ipsum,1081,2023-11-07 15:03:58.990004,2023-11-07 15:03:58.990004
dolorum,1062,2023-11-07 15:03:58.990004,2023-11-07 15:03:58.990004
neque,947,2023-11-07 15:03:58.990004,2023-11-07 15:03:58.990004
aliquam,845,2023-11-07 15:03:58.990004,2023-11-07 15:03:58.990004
quas,953,2023-11-07 15:03:58.990004,2023-11-07 15:03:58.990004
voluptatibus,937,2023-11-07 15:03:58.990004,2023-11-07 15:03:58.990004
repudiandae,987,2023-11-07 15:03:58.990004,2023-11-07 15:03:58.990004
eius,758,2023-11-07 15:03:58.990004,2023-11-07 15:03:58.990004
officia,724,2023-11-07 15:03:58.990004,2023-11-07 15:03:58.990004
est,904,2023-11-07 15:03:58.990004,2023-11-07 15:03:58.990004
molestias,976,2023-11-07 15:03:58.990004,2023-11-07 15:03:58.990004
perferendis,968,2023-11-07 15:03:58.990004,2023-11-07 15:03:58.990004
impedit,1033,2023-11-07 15:03:58.990004,2023-11-07 15:03:58.990004
dolores,913,2023-11-07 15:03:58.990004,2023-11-07 15:03:58.990004
quas,820,2023-11-07 15:03:58.990004,2023-11-07 15:03:58.990004
aspernatur,1020,2023-11-07 15:03:58.990004,2023-11-07 15:03:58.990004
possimus,987,2023-11-07 15:03:58.990004,2023-11-07 15:03:58.990004
quod,897,2023-11-07 15:03:58.990004,2023-11-07 15:03:58.990004
illum,811,2023-11-07 15:03:58.990004,2023-11-07 15:03:58.990004
temporibus,654,2023-11-07 15:03:58.990004,2023-11-07 15:03:58.990004
rem,969,2023-11-07 15:03:58.990004,2023-11-07 15:03:58.990004
sunt,858,2023-11-07 15:03:58.990004,2023-11-07 15:03:58.990004
dolorem,838,2023-11-07 15:03:58.990004,2023-11-07 15:03:58.990004
autem,801,2023-11-07 15:03:58.990004,2023-11-07 15:03:58.990004
explicabo,1049,2023-11-07 15:03:58.990004,2023-11-07 15:03:58.990004
asperiores,866,2023-11-07 15:03:58.990004,2023-11-07 15:03:58.990004
vitae,697,2023-11-07 15:03:58.990004,2023-11-07 15:03:58.990004
libero,633,2023-11-07 15:03:58.990004,2023-11-07 15:03:58.990004
impedit,609,2023-11-07 15:03:58.990004,2023-11-07 15:03:58.990004
pariatur,623,2023-11-07 15:03:58.990004,2023-11-07 15:03:58.990004
exercitationem,1022,2023-11-07 15:03:58.990004,2023-11-07 15:03:58.990004
occaecati,965,2023-11-07 15:03:58.990004,2023-11-07 15:03:58.990004
esse,887,2023-11-07 15:03:58.990004,2023-11-07 15:03:58.990004
aspernatur,619,2023-11-07 15:03:58.990004,2023-11-07 15:03:58.990004
libero,891,2023-11-07 15:03:58.990004,2023-11-07 15:03:58.990004
ab,860,2023-11-07 15:03:58.990004,2023-11-07 15:03:58.990004
consequuntur,974,2023-11-07 15:03:58.990004,2023-11-07 15:03:58.990004
voluptas,759,2023-11-07 15:03:58.990004,2023-11-07 15:03:58.990004
assumenda,691,2023-11-07 15:03:58.990004,2023-11-07 15:03:58.990004
necessitatibus,829,2023-11-07 15:03:58.990004,2023-11-07 15:03:58.990004
quos,640,2023-11-07 15:03:58.990004,2023-11-07 15:03:58.990004
officiis,1026,2023-11-07 15:03:58.990004,2023-11-07 15:03:58.990004
esse,710,2023-11-07 15:03:58.990004,2023-11-07 15:03:58.990004
ducimus,919,2023-11-07 15:03:58.990004,2023-11-07 15:03:58.990004
beatae,687,2023-11-07 15:03:58.990004,2023-11-07 15:03:58.990004
et,932,2023-11-07 15:03:58.990004,2023-11-07 15:03:58.990004
voluptate,1056,2023-11-07 15:03:58.990004,2023-11-07 15:03:58.990004
nam,947,2023-11-07 15:03:58.990004,2023-11-07 15:03:58.990004
nisi,1076,2023-11-07 15:03:58.990004,2023-11-07 15:03:58.990004
asperiores,865,2023-11-07 15:03:58.990004,2023-11-07 15:03:58.990004
repellat,786,2023-11-07 15:03:58.990004,2023-11-07 15:03:58.990004
dolorem,670,2023-11-07 15:03:58.990004,2023-11-07 15:03:58.990004
minus,959,2023-11-07 15:03:58.990004,2023-11-07 15:03:58.990004
rem,639,2023-11-07 15:03:58.990004,2023-11-07 15:03:58.990004
velit,661,2023-11-07 15:03:58.991006,2023-11-07 15:03:58.991006
impedit,953,2023-11-07 15:03:58.991006,2023-11-07 15:03:58.991006
necessitatibus,1086,2023-11-07 15:03:58.991006,2023-11-07 15:03:58.991006
cumque,732,2023-11-07 15:03:58.991006,2023-11-07 15:03:58.991006
similique,740,2023-11-07 15:03:58.991006,2023-11-07 15:03:58.991006
explicabo,1012,2023-11-07 15:03:58.991006,2023-11-07 15:03:58.991006
minus,1044,2023-11-07 15:03:58.991006,2023-11-07 15:03:58.991006
maxime,783,2023-11-07 15:03:58.991006,2023-11-07 15:03:58.991006
laboriosam,1040,2023-11-07 15:03:58.991006,2023-11-07 15:03:58.991006
incidunt,875,2023-11-07 15:03:58.991006,2023-11-07 15:03:58.991006
esse,923,2023-11-07 15:03:58.991006,2023-11-07 15:03:58.991006
totam,897,2023-11-07 15:03:58.991006,2023-11-07 15:03:58.991006
aspernatur,1075,2023-11-07 15:03:58.991006,2023-11-07 15:03:58.991006
minima,734,2023-11-07 15:03:58.991006,2023-11-07 15:03:58.991006
mollitia,726,2023-11-07 15:03:58.991006,2023-11-07 15:03:58.991006
incidunt,816,2023-11-07 15:03:58.991006,2023-11-07 15:03:58.991006
possimus,714,2023-11-07 15:03:58.991006,2023-11-07 15:03:58.991006
debitis,928,2023-11-07 15:03:58.991006,2023-11-07 15:03:58.991006
magni,953,2023-11-07 15:03:58.991006,2023-11-07 15:03:58.991006
maiores,797,2023-11-07 15:03:58.991006,2023-11-07 15:03:58.991006
nesciunt,842,2023-11-07 15:03:58.991006,2023-11-07 15:03:58.991006
numquam,1055,2023-11-07 15:03:58.991006,2023-11-07 15:03:58.991006
impedit,705,2023-11-07 15:03:58.991006,2023-11-07 15:03:58.991006
saepe,1062,2023-11-07 15:03:58.991006,2023-11-07 15:03:58.991006
culpa,921,2023-11-07 15:03:58.991006,2023-11-07 15:03:58.991006
iusto,923,2023-11-07 15:03:58.991006,2023-11-07 15:03:58.991006
fugiat,636,2023-11-07 15:03:58.991006,2023-11-07 15:03:58.991006
voluptatibus,1075,2023-11-07 15:03:58.991006,2023-11-07 15:03:58.991006
quas,909,2023-11-07 15:03:58.991006,2023-11-07 15:03:58.991006
temporibus,814,2023-11-07 15:03:58.991006,2023-11-07 15:03:58.991006
vel,1055,2023-11-07 15:03:58.991006,2023-11-07 15:03:58.991006
neque,675,2023-11-07 15:03:58.991006,2023-11-07 15:03:58.991006
voluptate,975,2023-11-07 15:03:58.991006,2023-11-07 15:03:58.991006
quisquam,837,2023-11-07 15:03:58.991006,2023-11-07 15:03:58.991006
aliquam,850,2023-11-07 15:03:58.991006,2023-11-07 15:03:58.991006
voluptatum,618,2023-11-07 15:03:58.991006,2023-11-07 15:03:58.991006
quis,1092,2023-11-07 15:03:58.991006,2023-11-07 15:03:58.991006
quae,1049,2023-11-07 15:03:58.991006,2023-11-07 15:03:58.991006
vero,775,2023-11-07 15:03:58.991006,2023-11-07 15:03:58.991006
nemo,961,2023-11-07 15:03:58.991006,2023-11-07 15:03:58.991006
reprehenderit,1009,2023-11-07 15:03:58.991006,2023-11-07 15:03:58.991006
delectus,1013,2023-11-07 15:03:58.991006,2023-11-07 15:03:58.991006
tempora,999,2023-11-07 15:03:58.991006,2023-11-07 15:03:58.991006
sint,769,2023-11-07 15:03:58.991006,2023-11-07 15:03:58.991006
dignissimos,780,2023-11-07 15:03:58.991006,2023-11-07 15:03:58.991006
repellat,919,2023-11-07 15:03:58.991006,2023-11-07 15:03:58.991006
commodi,885,2023-11-07 15:03:58.991006,2023-11-07 15:03:58.991006
facilis,664,2023-11-07 15:03:58.991006,2023-11-07 15:03:58.991006
eius,858,2023-11-07 15:03:58.991006,2023-11-07 15:03:58.991006
vel,885,2023-11-07 15:03:58.991006,2023-11-07 15:03:58.991006
amet,723,2023-11-07 15:03:58.991006,2023-11-07 15:03:58.991006
temporibus,754,2023-11-07 15:03:58.991006,2023-11-07 15:03:58.991006
fuga,973,2023-11-07 15:03:58.991006,2023-11-07 15:03:58.991006
ullam,652,2023-11-07 15:03:58.991006,2023-11-07 15:03:58.991006
eius,657,2023-11-07 15:03:58.991006,2023-11-07 15:03:58.991006
minus,984,2023-11-07 15:03:58.991006,2023-11-07 15:03:58.991006
explicabo,943,2023-11-07 15:03:58.991006,2023-11-07 15:03:58.991006
id,1014,2023-11-07 15:03:58.991006,2023-11-07 15:03:58.991006
fuga,876,2023-11-07 15:03:58.991006,2023-11-07 15:03:58.991006
tempore,999,2023-11-07 15:03:58.991006,2023-11-07 15:03:58.991006
eum,627,2023-11-07 15:03:58.991006,2023-11-07 15:03:58.991006
aperiam,682,2023-11-07 15:03:58.991006,2023-11-07 15:03:58.991006
molestias,651,2023-11-07 15:03:58.991006,2023-11-07 15:03:58.991006
asperiores,993,2023-11-07 15:03:58.991006,2023-11-07 15:03:58.991006
eius,1095,2023-11-07 15:03:58.991006,2023-11-07 15:03:58.991006
dolor,875,2023-11-07 15:03:58.991006,2023-11-07 15:03:58.991006
error,1070,2023-11-07 15:03:58.991006,2023-11-07 15:03:58.991006
illum,1078,2023-11-07 15:03:58.991006,2023-11-07 15:03:58.991006
laborum,854,2023-11-07 15:03:58.991006,2023-11-07 15:03:58.991006
dolorum,719,2023-11-07 15:03:58.991006,2023-11-07 15:03:58.991006
totam,726,2023-11-07 15:03:58.991006,2023-11-07 15:03:58.991006
nesciunt,908,2023-11-07 15:03:58.991006,2023-11-07 15:03:58.991006
ad,681,2023-11-07 15:03:58.991006,2023-11-07 15:03:58.991006
numquam,971,2023-11-07 15:03:58.991006,2023-11-07 15:03:58.991006
culpa,986,2023-11-07 15:03:58.991006,2023-11-07 15:03:58.991006
maxime,1025,2023-11-07 15:03:58.991006,2023-11-07 15:03:58.991006
facilis,1073,2023-11-07 15:03:58.991006,2023-11-07 15:03:58.991006
aperiam,692,2023-11-07 15:03:58.991006,2023-11-07 15:03:58.991006
quo,1009,2023-11-07 15:03:58.991006,2023-11-07 15:03:58.991006
laudantium,1094,2023-11-07 15:03:58.991006,2023-11-07 15:03:58.991006
eum,874,2023-11-07 15:03:58.991006,2023-11-07 15:03:58.991006
explicabo,969,2023-11-07 15:03:58.991006,2023-11-07 15:03:58.991006
aliquam,786,2023-11-07 15:03:58.991006,2023-11-07 15:03:58.991006
labore,1060,2023-11-07 15:03:58.991006,2023-11-07 15:03:58.991006
consequuntur,1053,2023-11-07 15:03:58.991006,2023-11-07 15:03:58.991006
aspernatur,852,2023-11-07 15:03:58.991006,2023-11-07 15:03:58.991006
dolorum,837,2023-11-07 15:03:58.991006,2023-11-07 15:03:58.991006
magni,666,2023-11-07 15:03:58.991006,2023-11-07 15:03:58.991006
quod,666,2023-11-07 15:03:58.991006,2023-11-07 15:03:58.991006
beatae,988,2023-11-07 15:03:58.991006,2023-11-07 15:03:58.991006
fugit,837,2023-11-07 15:03:58.991006,2023-11-07 15:03:58.991006
voluptatibus,772,2023-11-07 15:03:58.991006,2023-11-07 15:03:58.991006
itaque,933,2023-11-07 15:03:58.991006,2023-11-07 15:03:58.991006
iste,840,2023-11-07 15:03:58.991006,2023-11-07 15:03:58.991006
saepe,775,2023-11-07 15:03:58.991006,2023-11-07 15:03:58.991006
temporibus,816,2023-11-07 15:03:58.991006,2023-11-07 15:03:58.991006
culpa,957,2023-11-07 15:03:58.991006,2023-11-07 15:03:58.991006
assumenda,957,2023-11-07 15:03:58.991006,2023-11-07 15:03:58.991006
quia,981,2023-11-07 15:03:58.991006,2023-11-07 15:03:58.991006
explicabo,889,2023-11-07 15:03:58.991006,2023-11-07 15:03:58.991006
fugit,680,2023-11-07 15:03:58.991006,2023-11-07 15:03:58.991006
quaerat,668,2023-11-07 15:03:58.991006,2023-11-07 15:03:58.991006
distinctio,1032,2023-11-07 15:03:58.991006,2023-11-07 15:03:58.991006
harum,932,2023-11-07 15:03:58.991006,2023-11-07 15:03:58.991006
quisquam,1071,2023-11-07 15:03:58.991006,2023-11-07 15:03:58.991006
natus,969,2023-11-07 15:03:58.991006,2023-11-07 15:03:58.991006
at,1069,2023-11-07 15:03:58.991006,2023-11-07 15:03:58.991006
adipisci,601,2023-11-07 15:03:58.991006,2023-11-07 15:03:58.991006
voluptates,624,2023-11-07 15:03:58.991006,2023-11-07 15:03:58.991006
quod,868,2023-11-07 15:03:58.991006,2023-11-07 15:03:58.991006
minima,1095,2023-11-07 15:03:58.991006,2023-11-07 15:03:58.991006
quod,1068,2023-11-07 15:03:58.991006,2023-11-07 15:03:58.991006
cumque,881,2023-11-07 15:03:58.991006,2023-11-07 15:03:58.991006
ipsum,641,2023-11-07 15:03:58.991006,2023-11-07 15:03:58.991006
placeat,906,2023-11-07 15:03:58.991006,2023-11-07 15:03:58.991006
amet,1052,2023-11-07 15:03:58.991006,2023-11-07 15:03:58.991006
expedita,635,2023-11-07 15:03:58.991006,2023-11-07 15:03:58.991006
magnam,689,2023-11-07 15:03:58.991006,2023-11-07 15:03:58.991006
iusto,663,2023-11-07 15:03:58.991006,2023-11-07 15:03:58.991006
ipsum,909,2023-11-07 15:03:58.991006,2023-11-07 15:03:58.991006
rerum,797,2023-11-07 15:03:58.991006,2023-11-07 15:03:58.991006
blanditiis,1009,2023-11-07 15:03:58.991006,2023-11-07 15:03:58.991006
quod,981,2023-11-07 15:03:58.991006,2023-11-07 15:03:58.991006
labore,1033,2023-11-07 15:03:58.991006,2023-11-07 15:03:58.991006
qui,949,2023-11-07 15:03:58.991006,2023-11-07 15:03:58.991006
a,698,2023-11-07 15:03:58.991006,2023-11-07 15:03:58.991006
ratione,945,2023-11-07 15:03:58.991006,2023-11-07 15:03:58.991006
exercitationem,615,2023-11-07 15:03:58.991006,2023-11-07 15:03:58.991006
incidunt,746,2023-11-07 15:03:58.991006,2023-11-07 15:03:58.991006
omnis,990,2023-11-07 15:03:58.991006,2023-11-07 15:03:58.991006
sit,816,2023-11-07 15:03:58.991006,2023-11-07 15:03:58.991006
tempore,710,2023-11-07 15:03:58.991006,2023-11-07 15:03:58.991006
repellendus,1037,2023-11-07 15:03:58.991006,2023-11-07 15:03:58.991006
soluta,634,2023-11-07 15:03:58.991006,2023-11-07 15:03:58.991006
unde,872,2023-11-07 15:03:58.991006,2023-11-07 15:03:58.991006
pariatur,903,2023-11-07 15:03:58.991006,2023-11-07 15:03:58.991006
molestiae,613,2023-11-07 15:03:58.991006,2023-11-07 15:03:58.991006
necessitatibus,1082,2023-11-07 15:03:58.991006,2023-11-07 15:03:58.991006
aut,984,2023-11-07 15:03:58.991006,2023-11-07 15:03:58.991006
eos,623,2023-11-07 15:03:58.991006,2023-11-07 15:03:58.991006
aspernatur,790,2023-11-07 15:03:58.992005,2023-11-07 15:03:58.992005
amet,946,2023-11-07 15:03:58.992005,2023-11-07 15:03:58.992005
optio,984,2023-11-07 15:03:58.992005,2023-11-07 15:03:58.992005
commodi,627,2023-11-07 15:03:58.992005,2023-11-07 15:03:58.992005
eius,630,2023-11-07 15:03:58.992005,2023-11-07 15:03:58.992005
quos,652,2023-11-07 15:03:58.992005,2023-11-07 15:03:58.992005
quasi,656,2023-11-07 15:03:58.992005,2023-11-07 15:03:58.992005
mollitia,743,2023-11-07 15:03:58.992005,2023-11-07 15:03:58.992005
voluptas,759,2023-11-07 15:03:58.992005,2023-11-07 15:03:58.992005
incidunt,877,2023-11-07 15:03:58.992005,2023-11-07 15:03:58.992005
inventore,618,2023-11-07 15:03:58.992005,2023-11-07 15:03:58.992005
eveniet,1020,2023-11-07 15:03:58.992005,2023-11-07 15:03:58.992005
sit,1015,2023-11-07 15:03:58.992005,2023-11-07 15:03:58.992005
repellendus,622,2023-11-07 15:03:58.992005,2023-11-07 15:03:58.992005
quasi,899,2023-11-07 15:03:58.992005,2023-11-07 15:03:58.992005
doloribus,937,2023-11-07 15:03:58.992005,2023-11-07 15:03:58.992005
perferendis,632,2023-11-07 15:03:58.992005,2023-11-07 15:03:58.992005
eveniet,792,2023-11-07 15:03:58.992005,2023-11-07 15:03:58.992005
excepturi,993,2023-11-07 15:03:58.992005,2023-11-07 15:03:58.992005
aperiam,849,2023-11-07 15:03:58.992005,2023-11-07 15:03:58.992005
sequi,672,2023-11-07 15:03:58.992005,2023-11-07 15:03:58.992005
quam,814,2023-11-07 15:03:58.992005,2023-11-07 15:03:58.992005
consectetur,722,2023-11-07 15:03:58.992005,2023-11-07 15:03:58.992005
minima,731,2023-11-07 15:03:58.992005,2023-11-07 15:03:58.992005
enim,618,2023-11-07 15:03:58.992005,2023-11-07 15:03:58.992005
laboriosam,626,2023-11-07 15:03:58.992005,2023-11-07 15:03:58.992005
ex,701,2023-11-07 15:03:58.992005,2023-11-07 15:03:58.992005
impedit,1006,2023-11-07 15:03:58.992005,2023-11-07 15:03:58.992005
nesciunt,738,2023-11-07 15:03:58.992005,2023-11-07 15:03:58.992005
beatae,1021,2023-11-07 15:03:58.992005,2023-11-07 15:03:58.992005
consequatur,677,2023-11-07 15:03:58.992005,2023-11-07 15:03:58.992005
nisi,961,2023-11-07 15:03:58.992005,2023-11-07 15:03:58.992005
earum,758,2023-11-07 15:03:58.992005,2023-11-07 15:03:58.992005
praesentium,774,2023-11-07 15:03:58.992005,2023-11-07 15:03:58.992005
sed,782,2023-11-07 15:03:58.992005,2023-11-07 15:03:58.992005
nemo,865,2023-11-07 15:03:58.992005,2023-11-07 15:03:58.992005
velit,1001,2023-11-07 15:03:58.992005,2023-11-07 15:03:58.992005
dolore,828,2023-11-07 15:03:58.992005,2023-11-07 15:03:58.992005
numquam,634,2023-11-07 15:03:58.992005,2023-11-07 15:03:58.992005
veniam,929,2023-11-07 15:03:58.992005,2023-11-07 15:03:58.992005
dolorum,957,2023-11-07 15:03:58.992005,2023-11-07 15:03:58.992005
placeat,931,2023-11-07 15:03:58.992005,2023-11-07 15:03:58.992005
voluptatem,1044,2023-11-07 15:03:58.992005,2023-11-07 15:03:58.992005
fuga,762,2023-11-07 15:03:58.992005,2023-11-07 15:03:58.992005
aperiam,995,2023-11-07 15:03:58.992005,2023-11-07 15:03:58.992005
molestiae,771,2023-11-07 15:03:58.992005,2023-11-07 15:03:58.992005
quibusdam,976,2023-11-07 15:03:58.992005,2023-11-07 15:03:58.992005
placeat,673,2023-11-07 15:03:58.992005,2023-11-07 15:03:58.992005
quae,998,2023-11-07 15:03:58.992005,2023-11-07 15:03:58.992005
rerum,1058,2023-11-07 15:03:58.992005,2023-11-07 15:03:58.992005
quia,849,2023-11-07 15:03:58.992005,2023-11-07 15:03:58.992005
suscipit,665,2023-11-07 15:03:58.992005,2023-11-07 15:03:58.992005
nemo,887,2023-11-07 15:03:58.992005,2023-11-07 15:03:58.992005
recusandae,889,2023-11-07 15:03:58.992005,2023-11-07 15:03:58.992005
nisi,775,2023-11-07 15:03:58.992005,2023-11-07 15:03:58.992005
delectus,824,2023-11-07 15:03:58.992005,2023-11-07 15:03:58.992005
cupiditate,610,2023-11-07 15:03:58.992005,2023-11-07 15:03:58.992005
voluptatum,922,2023-11-07 15:03:58.992005,2023-11-07 15:03:58.992005
quod,1072,2023-11-07 15:03:58.992005,2023-11-07 15:03:58.992005
eius,706,2023-11-07 15:03:58.992005,2023-11-07 15:03:58.992005
vitae,713,2023-11-07 15:03:58.992005,2023-11-07 15:03:58.992005
ab,671,2023-11-07 15:03:58.992005,2023-11-07 15:03:58.992005
minus,673,2023-11-07 15:03:58.992005,2023-11-07 15:03:58.992005
eaque,723,2023-11-07 15:03:58.992005,2023-11-07 15:03:58.992005
tempore,930,2023-11-07 15:03:58.992005,2023-11-07 15:03:58.992005
laboriosam,672,2023-11-07 15:03:58.992005,2023-11-07 15:03:58.992005
architecto,968,2023-11-07 15:03:58.992005,2023-11-07 15:03:58.992005
magnam,703,2023-11-07 15:03:58.992005,2023-11-07 15:03:58.992005
exercitationem,828,2023-11-07 15:03:58.992005,2023-11-07 15:03:58.992005
ipsum,1073,2023-11-07 15:03:58.992005,2023-11-07 15:03:58.992005
quia,742,2023-11-07 15:03:58.992005,2023-11-07 15:03:58.992005
repudiandae,812,2023-11-07 15:03:58.992005,2023-11-07 15:03:58.992005
iste,1016,2023-11-07 15:03:58.992005,2023-11-07 15:03:58.992005
nostrum,908,2023-11-07 15:03:58.992005,2023-11-07 15:03:58.992005
id,785,2023-11-07 15:03:58.992005,2023-11-07 15:03:58.992005
quisquam,676,2023-11-07 15:03:58.992005,2023-11-07 15:03:58.992005
fugiat,846,2023-11-07 15:03:58.992005,2023-11-07 15:03:58.992005
ut,881,2023-11-07 15:03:58.992005,2023-11-07 15:03:58.992005
magni,1007,2023-11-07 15:03:58.992005,2023-11-07 15:03:58.992005
unde,970,2023-11-07 15:03:58.992005,2023-11-07 15:03:58.992005
iusto,1060,2023-11-07 15:03:58.992005,2023-11-07 15:03:58.992005
vitae,1011,2023-11-07 15:03:58.992005,2023-11-07 15:03:58.992005
error,1036,2023-11-07 15:03:58.992005,2023-11-07 15:03:58.992005
esse,680,2023-11-07 15:03:58.992005,2023-11-07 15:03:58.992005
est,735,2023-11-07 15:03:58.992005,2023-11-07 15:03:58.992005
nisi,991,2023-11-07 15:03:58.992005,2023-11-07 15:03:58.992005
error,912,2023-11-07 15:03:58.992005,2023-11-07 15:03:58.992005
porro,938,2023-11-07 15:03:58.992005,2023-11-07 15:03:58.992005
impedit,1062,2023-11-07 15:03:58.992005,2023-11-07 15:03:58.992005
voluptatem,736,2023-11-07 15:03:58.992005,2023-11-07 15:03:58.992005
nisi,662,2023-11-07 15:03:58.992005,2023-11-07 15:03:58.992005
voluptate,987,2023-11-07 15:03:58.992005,2023-11-07 15:03:58.992005
repudiandae,959,2023-11-07 15:03:58.992005,2023-11-07 15:03:58.992005
quas,639,2023-11-07 15:03:58.992005,2023-11-07 15:03:58.992005
quaerat,767,2023-11-07 15:03:58.992005,2023-11-07 15:03:58.992005
nostrum,968,2023-11-07 15:03:58.992005,2023-11-07 15:03:58.992005
omnis,1068,2023-11-07 15:03:58.992005,2023-11-07 15:03:58.992005
et,1091,2023-11-07 15:03:58.992005,2023-11-07 15:03:58.992005
optio,828,2023-11-07 15:03:58.992005,2023-11-07 15:03:58.992005
similique,793,2023-11-07 15:03:58.992005,2023-11-07 15:03:58.992005
velit,985,2023-11-07 15:03:58.992005,2023-11-07 15:03:58.992005
aspernatur,773,2023-11-07 15:03:58.992005,2023-11-07 15:03:58.992005
hic,822,2023-11-07 15:03:58.992005,2023-11-07 15:03:58.992005
eligendi,964,2023-11-07 15:03:58.992005,2023-11-07 15:03:58.992005
ipsam,1097,2023-11-07 15:03:58.992005,2023-11-07 15:03:58.992005
nostrum,713,2023-11-07 15:03:58.992005,2023-11-07 15:03:58.992005
provident,745,2023-11-07 15:03:58.992005,2023-11-07 15:03:58.992005
aliquam,876,2023-11-07 15:03:58.992005,2023-11-07 15:03:58.992005
totam,794,2023-11-07 15:03:58.992005,2023-11-07 15:03:58.992005
officia,833,2023-11-07 15:03:58.992005,2023-11-07 15:03:58.992005
facere,751,2023-11-07 15:03:58.992005,2023-11-07 15:03:58.992005
repudiandae,902,2023-11-07 15:03:58.992005,2023-11-07 15:03:58.992005
quidem,872,2023-11-07 15:03:58.992005,2023-11-07 15:03:58.992005
delectus,1028,2023-11-07 15:03:58.992005,2023-11-07 15:03:58.992005
reprehenderit,974,2023-11-07 15:03:58.992005,2023-11-07 15:03:58.992005
quam,1062,2023-11-07 15:03:58.992005,2023-11-07 15:03:58.992005
reiciendis,784,2023-11-07 15:03:58.992005,2023-11-07 15:03:58.992005
est,791,2023-11-07 15:03:58.992005,2023-11-07 15:03:58.992005
sit,1038,2023-11-07 15:03:58.992005,2023-11-07 15:03:58.992005
sequi,768,2023-11-07 15:03:58.992005,2023-11-07 15:03:58.992005
illo,984,2023-11-07 15:03:58.992005,2023-11-07 15:03:58.992005
eligendi,706,2023-11-07 15:03:58.992005,2023-11-07 15:03:58.992005
deserunt,739,2023-11-07 15:03:58.992005,2023-11-07 15:03:58.992005
adipisci,896,2023-11-07 15:03:58.992005,2023-11-07 15:03:58.992005
itaque,757,2023-11-07 15:03:58.992005,2023-11-07 15:03:58.992005
temporibus,937,2023-11-07 15:03:58.992005,2023-11-07 15:03:58.992005
minus,1065,2023-11-07 15:03:58.992005,2023-11-07 15:03:58.992005
temporibus,877,2023-11-07 15:03:58.992005,2023-11-07 15:03:58.992005
laborum,780,2023-11-07 15:03:58.992005,2023-11-07 15:03:58.992005
quae,750,2023-11-07 15:03:58.992005,2023-11-07 15:03:58.992005
tenetur,990,2023-11-07 15:03:58.992005,2023-11-07 15:03:58.992005
quod,754,2023-11-07 15:03:58.992005,2023-11-07 15:03:58.992005
eos,1006,2023-11-07 15:03:58.992005,2023-11-07 15:03:58.992005
cumque,988,2023-11-07 15:03:58.992005,2023-11-07 15:03:58.992005
fuga,1000,2023-11-07 15:03:58.992005,2023-11-07 15:03:58.992005
eum,758,2023-11-07 15:03:58.992005,2023-11-07 15:03:58.992005
corrupti,690,2023-11-07 15:03:58.992005,2023-11-07 15:03:58.992005
iusto,663,2023-11-07 15:03:58.992005,2023-11-07 15:03:58.992005
soluta,606,2023-11-07 15:03:58.992005,2023-11-07 15:03:58.992005
rem,672,2023-11-07 15:03:58.992005,2023-11-07 15:03:58.992005
voluptas,640,2023-11-07 15:03:58.992005,2023-11-07 15:03:58.992005
facere,925,2023-11-07 15:03:58.992005,2023-11-07 15:03:58.992005
soluta,627,2023-11-07 15:03:58.992005,2023-11-07 15:03:58.992005
necessitatibus,777,2023-11-07 15:03:58.993005,2023-11-07 15:03:58.993005
maxime,936,2023-11-07 15:03:58.993005,2023-11-07 15:03:58.993005
reiciendis,662,2023-11-07 15:03:58.993005,2023-11-07 15:03:58.993005
impedit,661,2023-11-07 15:03:58.993005,2023-11-07 15:03:58.993005
nesciunt,730,2023-11-07 15:03:58.993005,2023-11-07 15:03:58.993005
illum,779,2023-11-07 15:03:58.993005,2023-11-07 15:03:58.993005
temporibus,1049,2023-11-07 15:03:58.993005,2023-11-07 15:03:58.993005
ab,837,2023-11-07 15:03:58.993005,2023-11-07 15:03:58.993005
qui,1048,2023-11-07 15:03:58.993005,2023-11-07 15:03:58.993005
assumenda,1041,2023-11-07 15:03:58.993005,2023-11-07 15:03:58.993005
molestiae,683,2023-11-07 15:03:58.993005,2023-11-07 15:03:58.993005
velit,881,2023-11-07 15:03:58.993005,2023-11-07 15:03:58.993005
magnam,780,2023-11-07 15:03:58.993005,2023-11-07 15:03:58.993005
consequatur,929,2023-11-07 15:03:58.993005,2023-11-07 15:03:58.993005
commodi,787,2023-11-07 15:03:58.993005,2023-11-07 15:03:58.993005
sapiente,969,2023-11-07 15:03:58.993005,2023-11-07 15:03:58.993005
cum,1062,2023-11-07 15:03:58.993005,2023-11-07 15:03:58.993005
ipsum,1043,2023-11-07 15:03:58.993005,2023-11-07 15:03:58.993005
magnam,824,2023-11-07 15:03:58.993005,2023-11-07 15:03:58.993005
iure,705,2023-11-07 15:03:58.993005,2023-11-07 15:03:58.993005
dolor,838,2023-11-07 15:03:58.993005,2023-11-07 15:03:58.993005
harum,747,2023-11-07 15:03:58.993005,2023-11-07 15:03:58.993005
impedit,1070,2023-11-07 15:03:58.993005,2023-11-07 15:03:58.993005
est,965,2023-11-07 15:03:58.993005,2023-11-07 15:03:58.993005
dicta,919,2023-11-07 15:03:58.993005,2023-11-07 15:03:58.993005
non,1020,2023-11-07 15:03:58.993005,2023-11-07 15:03:58.993005
inventore,900,2023-11-07 15:03:58.993005,2023-11-07 15:03:58.993005
exercitationem,935,2023-11-07 15:03:58.993005,2023-11-07 15:03:58.993005
illum,1053,2023-11-07 15:03:58.993005,2023-11-07 15:03:58.993005
ipsa,750,2023-11-07 15:03:58.993005,2023-11-07 15:03:58.993005
id,932,2023-11-07 15:03:58.993005,2023-11-07 15:03:58.993005
repudiandae,1064,2023-11-07 15:03:58.993005,2023-11-07 15:03:58.993005
aspernatur,798,2023-11-07 15:03:58.993005,2023-11-07 15:03:58.993005
libero,924,2023-11-07 15:03:58.993005,2023-11-07 15:03:58.993005
quos,852,2023-11-07 15:03:58.993005,2023-11-07 15:03:58.993005
fuga,773,2023-11-07 15:03:58.993005,2023-11-07 15:03:58.993005
ut,767,2023-11-07 15:03:58.993005,2023-11-07 15:03:58.993005
itaque,721,2023-11-07 15:03:58.993005,2023-11-07 15:03:58.993005
iste,765,2023-11-07 15:03:58.993005,2023-11-07 15:03:58.993005
voluptates,904,2023-11-07 15:03:58.993005,2023-11-07 15:03:58.993005
necessitatibus,715,2023-11-07 15:03:58.993005,2023-11-07 15:03:58.993005
cum,985,2023-11-07 15:03:58.993005,2023-11-07 15:03:58.993005
doloribus,740,2023-11-07 15:03:58.993005,2023-11-07 15:03:58.993005
nemo,833,2023-11-07 15:03:58.993005,2023-11-07 15:03:58.993005
fuga,817,2023-11-07 15:03:58.993005,2023-11-07 15:03:58.993005
autem,776,2023-11-07 15:03:58.993005,2023-11-07 15:03:58.993005
amet,712,2023-11-07 15:03:58.993005,2023-11-07 15:03:58.993005
quae,780,2023-11-07 15:03:58.993005,2023-11-07 15:03:58.993005
quas,1052,2023-11-07 15:03:58.993005,2023-11-07 15:03:58.993005
quis,674,2023-11-07 15:03:58.993005,2023-11-07 15:03:58.993005
corrupti,917,2023-11-07 15:03:58.993005,2023-11-07 15:03:58.993005
excepturi,849,2023-11-07 15:03:58.993005,2023-11-07 15:03:58.993005
saepe,907,2023-11-07 15:03:58.993005,2023-11-07 15:03:58.993005
minima,997,2023-11-07 15:03:58.993005,2023-11-07 15:03:58.993005
officiis,776,2023-11-07 15:03:58.993005,2023-11-07 15:03:58.993005
animi,660,2023-11-07 15:03:58.993005,2023-11-07 15:03:58.993005
distinctio,727,2023-11-07 15:03:58.993005,2023-11-07 15:03:58.993005
ab,1094,2023-11-07 15:03:58.993005,2023-11-07 15:03:58.993005
ipsam,852,2023-11-07 15:03:58.993005,2023-11-07 15:03:58.993005
corporis,1073,2023-11-07 15:03:58.993005,2023-11-07 15:03:58.993005
saepe,950,2023-11-07 15:03:58.993005,2023-11-07 15:03:58.993005
voluptate,1010,2023-11-07 15:03:58.993005,2023-11-07 15:03:58.993005
tenetur,902,2023-11-07 15:03:58.993005,2023-11-07 15:03:58.993005
delectus,1034,2023-11-07 15:03:58.993005,2023-11-07 15:03:58.993005
ut,874,2023-11-07 15:03:58.993005,2023-11-07 15:03:58.993005
voluptas,767,2023-11-07 15:03:58.993005,2023-11-07 15:03:58.993005
voluptate,998,2023-11-07 15:03:58.993005,2023-11-07 15:03:58.993005
provident,849,2023-11-07 15:03:58.993005,2023-11-07 15:03:58.993005
doloremque,988,2023-11-07 15:03:58.993005,2023-11-07 15:03:58.993005
similique,745,2023-11-07 15:03:58.993005,2023-11-07 15:03:58.993005
itaque,649,2023-11-07 15:03:58.993005,2023-11-07 15:03:58.993005
quaerat,667,2023-11-07 15:03:58.993005,2023-11-07 15:03:58.993005
eligendi,928,2023-11-07 15:03:58.993005,2023-11-07 15:03:58.993005
est,1093,2023-11-07 15:03:58.993005,2023-11-07 15:03:58.993005
tempore,823,2023-11-07 15:03:58.993005,2023-11-07 15:03:58.993005
incidunt,902,2023-11-07 15:03:58.993005,2023-11-07 15:03:58.993005
officia,778,2023-11-07 15:03:58.993005,2023-11-07 15:03:58.993005
libero,838,2023-11-07 15:03:58.993005,2023-11-07 15:03:58.993005
cumque,737,2023-11-07 15:03:58.993005,2023-11-07 15:03:58.993005
facilis,865,2023-11-07 15:03:58.993005,2023-11-07 15:03:58.993005
laborum,668,2023-11-07 15:03:58.993005,2023-11-07 15:03:58.993005
laudantium,974,2023-11-07 15:03:58.993005,2023-11-07 15:03:58.993005
consequuntur,927,2023-11-07 15:03:58.993005,2023-11-07 15:03:58.993005
qui,756,2023-11-07 15:03:58.993005,2023-11-07 15:03:58.993005
maxime,923,2023-11-07 15:03:58.993005,2023-11-07 15:03:58.993005
maiores,972,2023-11-07 15:03:58.993005,2023-11-07 15:03:58.993005
earum,1019,2023-11-07 15:03:58.993005,2023-11-07 15:03:58.993005
adipisci,618,2023-11-07 15:03:58.993005,2023-11-07 15:03:58.993005
a,815,2023-11-07 15:03:58.993005,2023-11-07 15:03:58.993005
quasi,819,2023-11-07 15:03:58.993005,2023-11-07 15:03:58.993005
quisquam,806,2023-11-07 15:03:58.993005,2023-11-07 15:03:58.993005
voluptatem,628,2023-11-07 15:03:58.993005,2023-11-07 15:03:58.993005
asperiores,733,2023-11-07 15:03:58.993005,2023-11-07 15:03:58.993005
dolorem,927,2023-11-07 15:03:58.993005,2023-11-07 15:03:58.993005
maiores,781,2023-11-07 15:03:58.993005,2023-11-07 15:03:58.993005
eos,659,2023-11-07 15:03:58.993005,2023-11-07 15:03:58.993005
aliquid,1094,2023-11-07 15:03:58.993005,2023-11-07 15:03:58.993005
minima,853,2023-11-07 15:03:58.993005,2023-11-07 15:03:58.993005
iusto,788,2023-11-07 15:03:58.993005,2023-11-07 15:03:58.993005
cupiditate,827,2023-11-07 15:03:58.993005,2023-11-07 15:03:58.993005
modi,659,2023-11-07 15:03:58.993005,2023-11-07 15:03:58.993005
pariatur,1059,2023-11-07 15:03:58.993005,2023-11-07 15:03:58.993005
quaerat,1050,2023-11-07 15:03:58.993005,2023-11-07 15:03:58.993005
quas,953,2023-11-07 15:03:58.993005,2023-11-07 15:03:58.993005
quia,1060,2023-11-07 15:03:58.993005,2023-11-07 15:03:58.993005
ducimus,835,2023-11-07 15:03:58.993005,2023-11-07 15:03:58.993005
eveniet,1005,2023-11-07 15:03:58.993005,2023-11-07 15:03:58.993005
officiis,1022,2023-11-07 15:03:58.993005,2023-11-07 15:03:58.993005
debitis,967,2023-11-07 15:03:58.993005,2023-11-07 15:03:58.993005
dolorum,882,2023-11-07 15:03:58.993005,2023-11-07 15:03:58.993005
est,768,2023-11-07 15:03:58.993005,2023-11-07 15:03:58.993005
numquam,658,2023-11-07 15:03:58.993005,2023-11-07 15:03:58.993005
mollitia,714,2023-11-07 15:03:58.993005,2023-11-07 15:03:58.993005
ipsam,824,2023-11-07 15:03:58.993005,2023-11-07 15:03:58.993005
optio,684,2023-11-07 15:03:58.993005,2023-11-07 15:03:58.993005
officiis,902,2023-11-07 15:03:58.993005,2023-11-07 15:03:58.993005
consequatur,980,2023-11-07 15:03:58.993005,2023-11-07 15:03:58.993005
eum,791,2023-11-07 15:03:58.993005,2023-11-07 15:03:58.993005
eos,814,2023-11-07 15:03:58.993005,2023-11-07 15:03:58.993005
voluptate,666,2023-11-07 15:03:58.993005,2023-11-07 15:03:58.993005
nisi,1000,2023-11-07 15:03:58.993005,2023-11-07 15:03:58.993005
itaque,647,2023-11-07 15:03:58.993005,2023-11-07 15:03:58.993005
quis,614,2023-11-07 15:03:58.993005,2023-11-07 15:03:58.993005
voluptatum,674,2023-11-07 15:03:58.993005,2023-11-07 15:03:58.993005
consequuntur,914,2023-11-07 15:03:58.993005,2023-11-07 15:03:58.993005
placeat,692,2023-11-07 15:03:58.993005,2023-11-07 15:03:58.993005
beatae,753,2023-11-07 15:03:58.993005,2023-11-07 15:03:58.993005
impedit,1037,2023-11-07 15:03:58.993005,2023-11-07 15:03:58.993005
accusamus,1047,2023-11-07 15:03:58.993005,2023-11-07 15:03:58.993005
nam,799,2023-11-07 15:03:58.993005,2023-11-07 15:03:58.993005
illo,772,2023-11-07 15:03:58.993005,2023-11-07 15:03:58.993005
laboriosam,606,2023-11-07 15:03:58.993005,2023-11-07 15:03:58.993005
magni,720,2023-11-07 15:03:58.993005,2023-11-07 15:03:58.993005
eos,1062,2023-11-07 15:03:58.993005,2023-11-07 15:03:58.993005
saepe,677,2023-11-07 15:03:58.993005,2023-11-07 15:03:58.993005
placeat,735,2023-11-07 15:03:58.993005,2023-11-07 15:03:58.993005
maxime,1046,2023-11-07 15:03:58.993005,2023-11-07 15:03:58.993005
possimus,938,2023-11-07 15:03:58.993005,2023-11-07 15:03:58.993005
assumenda,1011,2023-11-07 15:03:58.993005,2023-11-07 15:03:58.993005
necessitatibus,919,2023-11-07 15:03:58.993005,2023-11-07 15:03:58.993005
perferendis,859,2023-11-07 15:03:58.993005,2023-11-07 15:03:58.993005
sapiente,630,2023-11-07 15:03:58.993005,2023-11-07 15:03:58.993005
atque,634,2023-11-07 15:03:58.993005,2023-11-07 15:03:58.993005
error,621,2023-11-07 15:03:58.994005,2023-11-07 15:03:58.994005
suscipit,1045,2023-11-07 15:03:58.994005,2023-11-07 15:03:58.994005
quasi,925,2023-11-07 15:03:58.994005,2023-11-07 15:03:58.994005
rem,988,2023-11-07 15:03:58.994005,2023-11-07 15:03:58.994005
earum,964,2023-11-07 15:03:58.994005,2023-11-07 15:03:58.994005
neque,888,2023-11-07 15:03:58.994005,2023-11-07 15:03:58.994005
nulla,839,2023-11-07 15:03:58.994005,2023-11-07 15:03:58.994005
aliquid,941,2023-11-07 15:03:58.994005,2023-11-07 15:03:58.994005
necessitatibus,1071,2023-11-07 15:03:58.994005,2023-11-07 15:03:58.994005
in,889,2023-11-07 15:03:58.994005,2023-11-07 15:03:58.994005
at,1030,2023-11-07 15:03:58.994005,2023-11-07 15:03:58.994005
atque,993,2023-11-07 15:03:58.994005,2023-11-07 15:03:58.994005
aperiam,947,2023-11-07 15:03:58.994005,2023-11-07 15:03:58.994005
culpa,853,2023-11-07 15:03:58.994005,2023-11-07 15:03:58.994005
tenetur,665,2023-11-07 15:03:58.994005,2023-11-07 15:03:58.994005
ab,1041,2023-11-07 15:03:58.994005,2023-11-07 15:03:58.994005
officia,985,2023-11-07 15:03:58.994005,2023-11-07 15:03:58.994005
architecto,934,2023-11-07 15:03:58.994005,2023-11-07 15:03:58.994005
corporis,648,2023-11-07 15:03:58.994005,2023-11-07 15:03:58.994005
pariatur,961,2023-11-07 15:03:58.994005,2023-11-07 15:03:58.994005
laborum,947,2023-11-07 15:03:58.994005,2023-11-07 15:03:58.994005
cum,655,2023-11-07 15:03:58.994005,2023-11-07 15:03:58.994005
totam,861,2023-11-07 15:03:58.994005,2023-11-07 15:03:58.994005
error,832,2023-11-07 15:03:58.994005,2023-11-07 15:03:58.994005
tenetur,697,2023-11-07 15:03:58.994005,2023-11-07 15:03:58.994005
corrupti,602,2023-11-07 15:03:58.994005,2023-11-07 15:03:58.994005
corporis,775,2023-11-07 15:03:58.994005,2023-11-07 15:03:58.994005
sit,1037,2023-11-07 15:03:58.994005,2023-11-07 15:03:58.994005
temporibus,776,2023-11-07 15:03:58.994005,2023-11-07 15:03:58.994005
sit,1059,2023-11-07 15:03:58.994005,2023-11-07 15:03:58.994005
nihil,723,2023-11-07 15:03:58.994005,2023-11-07 15:03:58.994005
quis,918,2023-11-07 15:03:58.994005,2023-11-07 15:03:58.994005
rem,941,2023-11-07 15:03:58.994005,2023-11-07 15:03:58.994005
cum,1025,2023-11-07 15:03:58.994005,2023-11-07 15:03:58.994005
eveniet,782,2023-11-07 15:03:58.994005,2023-11-07 15:03:58.994005
commodi,1057,2023-11-07 15:03:58.994005,2023-11-07 15:03:58.994005
voluptatibus,1067,2023-11-07 15:03:58.994005,2023-11-07 15:03:58.994005
mollitia,965,2023-11-07 15:03:58.994005,2023-11-07 15:03:58.994005
veritatis,717,2023-11-07 15:03:58.994005,2023-11-07 15:03:58.994005
nemo,1069,2023-11-07 15:03:58.994005,2023-11-07 15:03:58.994005
fuga,849,2023-11-07 15:03:58.994005,2023-11-07 15:03:58.994005
dignissimos,1021,2023-11-07 15:03:58.994005,2023-11-07 15:03:58.994005
cum,940,2023-11-07 15:03:58.994005,2023-11-07 15:03:58.994005
dolorem,625,2023-11-07 15:03:58.994005,2023-11-07 15:03:58.994005
accusamus,920,2023-11-07 15:03:58.994005,2023-11-07 15:03:58.994005
quo,1100,2023-11-07 15:03:58.994005,2023-11-07 15:03:58.994005
reiciendis,888,2023-11-07 15:03:58.994005,2023-11-07 15:03:58.994005
harum,868,2023-11-07 15:03:58.994005,2023-11-07 15:03:58.994005
dolore,1085,2023-11-07 15:03:58.994005,2023-11-07 15:03:58.994005
molestiae,1070,2023-11-07 15:03:58.994005,2023-11-07 15:03:58.994005
debitis,869,2023-11-07 15:03:58.994005,2023-11-07 15:03:58.994005
et,1092,2023-11-07 15:03:58.994005,2023-11-07 15:03:58.994005
voluptatum,837,2023-11-07 15:03:58.994005,2023-11-07 15:03:58.994005
cum,637,2023-11-07 15:03:58.994005,2023-11-07 15:03:58.994005
eveniet,815,2023-11-07 15:03:58.994005,2023-11-07 15:03:58.994005
accusamus,600,2023-11-07 15:03:58.994005,2023-11-07 15:03:58.994005
repellendus,643,2023-11-07 15:03:58.994005,2023-11-07 15:03:58.994005
aspernatur,969,2023-11-07 15:03:58.994005,2023-11-07 15:03:58.994005
quam,1093,2023-11-07 15:03:58.994005,2023-11-07 15:03:58.994005
magnam,1088,2023-11-07 15:03:58.994005,2023-11-07 15:03:58.994005
nesciunt,750,2023-11-07 15:03:58.994005,2023-11-07 15:03:58.994005
voluptate,834,2023-11-07 15:03:58.994005,2023-11-07 15:03:58.994005
nostrum,711,2023-11-07 15:03:58.994005,2023-11-07 15:03:58.994005
cum,1017,2023-11-07 15:03:58.994005,2023-11-07 15:03:58.994005
corrupti,902,2023-11-07 15:03:58.994005,2023-11-07 15:03:58.994005
vel,1009,2023-11-07 15:03:58.994005,2023-11-07 15:03:58.994005
tempora,762,2023-11-07 15:03:58.994005,2023-11-07 15:03:58.994005
blanditiis,907,2023-11-07 15:03:58.994005,2023-11-07 15:03:58.994005
enim,658,2023-11-07 15:03:58.994005,2023-11-07 15:03:58.994005
numquam,659,2023-11-07 15:03:58.994005,2023-11-07 15:03:58.994005
assumenda,712,2023-11-07 15:03:58.994005,2023-11-07 15:03:58.994005
cum,908,2023-11-07 15:03:58.994005,2023-11-07 15:03:58.994005
quaerat,926,2023-11-07 15:03:58.994005,2023-11-07 15:03:58.994005
eius,600,2023-11-07 15:03:58.994005,2023-11-07 15:03:58.994005
architecto,931,2023-11-07 15:03:58.994005,2023-11-07 15:03:58.994005
doloribus,1088,2023-11-07 15:03:58.994005,2023-11-07 15:03:58.994005
rerum,856,2023-11-07 15:03:58.994005,2023-11-07 15:03:58.994005
ipsa,714,2023-11-07 15:03:58.994005,2023-11-07 15:03:58.994005
unde,868,2023-11-07 15:03:58.994005,2023-11-07 15:03:58.994005
occaecati,884,2023-11-07 15:03:58.994005,2023-11-07 15:03:58.994005
odio,819,2023-11-07 15:03:58.994005,2023-11-07 15:03:58.994005
enim,1001,2023-11-07 15:03:58.994005,2023-11-07 15:03:58.994005
at,921,2023-11-07 15:03:58.994005,2023-11-07 15:03:58.994005
nemo,797,2023-11-07 15:03:58.994005,2023-11-07 15:03:58.994005
debitis,1071,2023-11-07 15:03:58.994005,2023-11-07 15:03:58.994005
laborum,628,2023-11-07 15:03:58.994005,2023-11-07 15:03:58.994005
cum,1099,2023-11-07 15:03:58.994005,2023-11-07 15:03:58.994005
natus,838,2023-11-07 15:03:58.994005,2023-11-07 15:03:58.994005
